Workbook

Sheet Summary
A1: Annex A Coverage Summary
A2: All figures calculate from the Annex A Mapping sheet. Change an "Applicable?" cell there and this page updates.
A4: Metric | B4: Value
A5: Annex A controls (ISO/IEC 27001:2022) | B5: =COUNTA('Annex A Mapping'!$A$5:$A$97) -> 93
A6: Marked applicable | B6: =COUNTIF('Annex A Mapping'!$D$5:$D$97,"Yes") -> 93
A7: Marked not applicable | B7: =COUNTIF('Annex A Mapping'!$D$5:$D$97,"No") -> 0
A8: Controls linked to at least one register risk | B8: =COUNTIF('Annex A Mapping'!$G$5:$G$97,">0") -> 55
A9: Controls with no linked risk (baseline, confirm) | B9: =COUNTIFS('Annex A Mapping'!$D$5:$D$97,"Yes",'Annex A Mapping'!$G$5:$G$97,0) -> 38
A10: Coverage of applicable controls by register | B10: =IF(B6=0,0,COUNTIFS('Annex A Mapping'!$D$5:$D$97,"Yes",'Annex A Mapping'!$G$5:$G$97,">0")/B6) -> 0.59139785
A11: Risk-to-control links | B11: =COUNTA('Risk-Control Links'!$A$2:$A$130) -> 129
A12: Controls partially implemented (a linked risk has Weak controls) | B12: =COUNTIF('Annex A Mapping'!$J$5:$J$97,"Partially implemented") -> 28
A13: High-priority controls (linked risk residual >= 12) | B13: =COUNTIF('Annex A Mapping'!$K$5:$K$97,"High") -> 15
A15: By Annex A theme
A16: Theme | B16: Controls | C16: Applicable | D16: Linked to a risk | E16: Partially implemented | F16: High priority
A17: 5 Organizational | B17: =COUNTIF('Annex A Mapping'!$B$5:$B$97,A17) -> 37 | C17: =COUNTIFS('Annex A Mapping'!$B$5:$B$97,A17,'Annex A Mapping'!$D$5:$D$97,"Yes") -> 37 | D17: =COUNTIFS('Annex A Mapping'!$B$5:$B$97,A17,'Annex A Mapping'!$G$5:$G$97,">0") -> 23 | E17: =COUNTIFS('Annex A Mapping'!$B$5:$B$97,A17,'Annex A Mapping'!$J$5:$J$97,"Partially implemented") -> 11 | F17: =COUNTIFS('Annex A Mapping'!$B$5:$B$97,A17,'Annex A Mapping'!$K$5:$K$97,"High") -> 4
A18: 6 People | B18: =COUNTIF('Annex A Mapping'!$B$5:$B$97,A18) -> 8 | C18: =COUNTIFS('Annex A Mapping'!$B$5:$B$97,A18,'Annex A Mapping'!$D$5:$D$97,"Yes") -> 8 | D18: =COUNTIFS('Annex A Mapping'!$B$5:$B$97,A18,'Annex A Mapping'!$G$5:$G$97,">0") -> 5 | E18: =COUNTIFS('Annex A Mapping'!$B$5:$B$97,A18,'Annex A Mapping'!$J$5:$J$97,"Partially implemented") -> 1 | F18: =COUNTIFS('Annex A Mapping'!$B$5:$B$97,A18,'Annex A Mapping'!$K$5:$K$97,"High") -> 0
A19: 7 Physical | B19: =COUNTIF('Annex A Mapping'!$B$5:$B$97,A19) -> 14 | C19: =COUNTIFS('Annex A Mapping'!$B$5:$B$97,A19,'Annex A Mapping'!$D$5:$D$97,"Yes") -> 14 | D19: =COUNTIFS('Annex A Mapping'!$B$5:$B$97,A19,'Annex A Mapping'!$G$5:$G$97,">0") -> 1 | E19: =COUNTIFS('Annex A Mapping'!$B$5:$B$97,A19,'Annex A Mapping'!$J$5:$J$97,"Partially implemented") -> 0 | F19: =COUNTIFS('Annex A Mapping'!$B$5:$B$97,A19,'Annex A Mapping'!$K$5:$K$97,"High") -> 0
A20: 8 Technological | B20: =COUNTIF('Annex A Mapping'!$B$5:$B$97,A20) -> 34 | C20: =COUNTIFS('Annex A Mapping'!$B$5:$B$97,A20,'Annex A Mapping'!$D$5:$D$97,"Yes") -> 34 | D20: =COUNTIFS('Annex A Mapping'!$B$5:$B$97,A20,'Annex A Mapping'!$G$5:$G$97,">0") -> 26 | E20: =COUNTIFS('Annex A Mapping'!$B$5:$B$97,A20,'Annex A Mapping'!$J$5:$J$97,"Partially implemented") -> 16 | F20: =COUNTIFS('Annex A Mapping'!$B$5:$B$97,A20,'Annex A Mapping'!$K$5:$K$97,"High") -> 11
A21: Total | B21: =SUM(B17:B20) -> 93 | C21: =SUM(C17:C20) -> 93 | D21: =SUM(D17:D20) -> 55 | E21: =SUM(E17:E20) -> 28 | F21: =SUM(F17:F20) -> 15
A23: Notes and assumptions
A24: 1. Linked risks are parsed from "ISO 27001 A.x.y" references in the register's Framework Mapping column. Risks without such references (for example climate, supply chain and workforce risks) are not mapped here.
A25: 2. "Implementation status" and "Priority" are formula-driven indicators, not audit findings. "Partially implemented" means at least one linked risk has Weak control effectiveness in the register.
A26: 3. All 93 controls default to "Applicable = Yes". Exclusions must be justified in the Statement of Applicability and approved by management; none are proposed here.
A27: 4. Controls with no linked risk are baseline controls. Confirm evidence and applicability during the next risk assessment cycle.
A28: 5. Register references use the 2022 numbering of Annex A (93 controls in 4 themes).

Sheet Annex A Mapping
A1: ISO/IEC 27001:2022 Annex A: Control Mapping and Statement of Applicability (draft)
A2: Meridian Provisions Group (fictional). Blue = input you can edit. Black = formula. Linked risks come from the Framework Mapping column of the Enterprise Risk Register v1.0. Status and priority are INDICATIVE and must be validated with evidence.
A4: Control ID | B4: Theme | C4: Control | D4: Applicable? (Yes/No) | E4: Justification for inclusion / exclusion | F4: Linked risk IDs | G4: # linked risks | H4: Highest residual score linked | I4: # links with Weak control | J4: Implementation status (indicative) | K4: Priority (indicative) | L4: Suggested owner (from linked risks) | M4: Next step (treatment plan of highest-scoring linked risk) | N4: Evidence / document ref (to complete)
A5: A.5.1 | B5: 5 Organizational | C5: Policies for information security | D5: Yes | E5: Baseline ISO 27001 control; no register risk mapped yet. Confirm applicability and evidence. | G5: =COUNTIF('Risk-Control Links'!$D$2:$D$130,A5) -> 0 | H5: =_xlfn.MAXIFS('Risk-Control Links'!$E$2:$E$130,'Risk-Control Links'!$D$2:$D$130,A5) -> 0 | I5: =COUNTIFS('Risk-Control Links'!$D$2:$D$130,A5,'Risk-Control Links'!$F$2:$F$130,"Weak") -> 0 | J5: =IF(D5<>"Yes","Not applicable",IF(G5=0,"Not assessed",IF(I5>0,"Partially implemented","Largely in place - validate"))) -> Not assessed | K5: =IF(D5<>"Yes","-",IF(G5=0,"Baseline - confirm",IF(H5>=12,"High",IF(I5>0,"Medium","Low")))) -> Baseline - confirm
A6: A.5.2 | B6: 5 Organizational | C6: Information security roles and responsibilities | D6: Yes | E6: Baseline ISO 27001 control; no register risk mapped yet. Confirm applicability and evidence. | G6: =COUNTIF('Risk-Control Links'!$D$2:$D$130,A6) -> 0 | H6: =_xlfn.MAXIFS('Risk-Control Links'!$E$2:$E$130,'Risk-Control Links'!$D$2:$D$130,A6) -> 0 | I6: =COUNTIFS('Risk-Control Links'!$D$2:$D$130,A6,'Risk-Control Links'!$F$2:$F$130,"Weak") -> 0 | J6: =IF(D6<>"Yes","Not applicable",IF(G6=0,"Not assessed",IF(I6>0,"Partially implemented","Largely in place - validate"))) -> Not assessed | K6: =IF(D6<>"Yes","-",IF(G6=0,"Baseline - confirm",IF(H6>=12,"High",IF(I6>0,"Medium","Low")))) -> Baseline - confirm
A7: A.5.3 | B7: 5 Organizational | C7: Segregation of duties | D7: Yes | E7: Treats register risk(s): R-011, R-026. | F7: R-011, R-026 | G7: =COUNTIF('Risk-Control Links'!$D$2:$D$130,A7) -> 2 | H7: =_xlfn.MAXIFS('Risk-Control Links'!$E$2:$E$130,'Risk-Control Links'!$D$2:$D$130,A7) -> 6 | I7: =COUNTIFS('Risk-Control Links'!$D$2:$D$130,A7,'Risk-Control Links'!$F$2:$F$130,"Weak") -> 0 | J7: =IF(D7<>"Yes","Not applicable",IF(G7=0,"Not assessed",IF(I7>0,"Partially implemented","Largely in place - validate"))) -> Largely in place - validate | K7: =IF(D7<>"Yes","-",IF(G7=0,"Baseline - confirm",IF(H7>=12,"High",IF(I7>0,"Medium","Low")))) -> Low | L7: Chief Financial Officer | M7: R-011: Introduce out-of-band codeword verification for executive payment requests; run deepfake awareness drills.
A8: A.5.4 | B8: 5 Organizational | C8: Management responsibilities | D8: Yes | E8: Baseline ISO 27001 control; no register risk mapped yet. Confirm applicability and evidence. | G8: =COUNTIF('Risk-Control Links'!$D$2:$D$130,A8) -> 0 | H8: =_xlfn.MAXIFS('Risk-Control Links'!$E$2:$E$130,'Risk-Control Links'!$D$2:$D$130,A8) -> 0 | I8: =COUNTIFS('Risk-Control Links'!$D$2:$D$130,A8,'Risk-Control Links'!$F$2:$F$130,"Weak") -> 0 | J8: =IF(D8<>"Yes","Not applicable",IF(G8=0,"Not assessed",IF(I8>0,"Partially implemented","Largely in place - validate"))) -> Not assessed | K8: =IF(D8<>"Yes","-",IF(G8=0,"Baseline - confirm",IF(H8>=12,"High",IF(I8>0,"Medium","Low")))) -> Baseline - confirm
A9: A.5.5 | B9: 5 Organizational | C9: Contact with authorities | D9: Yes | E9: Baseline ISO 27001 control; no register risk mapped yet. Confirm applicability and evidence. | G9: =COUNTIF('Risk-Control Links'!$D$2:$D$130,A9) -> 0 | H9: =_xlfn.MAXIFS('Risk-Control Links'!$E$2:$E$130,'Risk-Control Links'!$D$2:$D$130,A9) -> 0 | I9: =COUNTIFS('Risk-Control Links'!$D$2:$D$130,A9,'Risk-Control Links'!$F$2:$F$130,"Weak") -> 0 | J9: =IF(D9<>"Yes","Not applicable",IF(G9=0,"Not assessed",IF(I9>0,"Partially implemented","Largely in place - validate"))) -> Not assessed | K9: =IF(D9<>"Yes","-",IF(G9=0,"Baseline - confirm",IF(H9>=12,"High",IF(I9>0,"Medium","Low")))) -> Baseline - confirm
A10: A.5.6 | B10: 5 Organizational | C10: Contact with special interest groups | D10: Yes | E10: Baseline ISO 27001 control; no register risk mapped yet. Confirm applicability and evidence. | G10: =COUNTIF('Risk-Control Links'!$D$2:$D$130,A10) -> 0 | H10: =_xlfn.MAXIFS('Risk-Control Links'!$E$2:$E$130,'Risk-Control Links'!$D$2:$D$130,A10) -> 0 | I10: =COUNTIFS('Risk-Control Links'!$D$2:$D$130,A10,'Risk-Control Links'!$F$2:$F$130,"Weak") -> 0 | J10: =IF(D10<>"Yes","Not applicable",IF(G10=0,"Not assessed",IF(I10>0,"Partially implemented","Largely in place - validate"))) -> Not assessed | K10: =IF(D10<>"Yes","-",IF(G10=0,"Baseline - confirm",IF(H10>=12,"High",IF(I10>0,"Medium","Low")))) -> Baseline - confirm
A11: A.5.7 | B11: 5 Organizational | C11: Threat intelligence | D11: Yes | E11: Treats register risk(s): R-062, R-063. | F11: R-062, R-063 | G11: =COUNTIF('Risk-Control Links'!$D$2:$D$130,A11) -> 2 | H11: =_xlfn.MAXIFS('Risk-Control Links'!$E$2:$E$130,'Risk-Control Links'!$D$2:$D$130,A11) -> 8 | I11: =COUNTIFS('Risk-Control Links'!$D$2:$D$130,A11,'Risk-Control Links'!$F$2:$F$130,"Weak") -> 0 | J11: =IF(D11<>"Yes","Not applicable",IF(G11=0,"Not assessed",IF(I11>0,"Partially implemented","Largely in place - validate"))) -> Largely in place - validate | K11: =IF(D11<>"Yes","-",IF(G11=0,"Baseline - confirm",IF(H11>=12,"High",IF(I11>0,"Medium","Low")))) -> Low | L11: Chief Information Security Officer | M11: R-062: Run quarterly threat hunting; join industry information-sharing group.
A12: A.5.8 | B12: 5 Organizational | C12: Information security in project management | D12: Yes | E12: Baseline ISO 27001 control; no register risk mapped yet. Confirm applicability and evidence. | G12: =COUNTIF('Risk-Control Links'!$D$2:$D$130,A12) -> 0 | H12: =_xlfn.MAXIFS('Risk-Control Links'!$E$2:$E$130,'Risk-Control Links'!$D$2:$D$130,A12) -> 0 | I12: =COUNTIFS('Risk-Control Links'!$D$2:$D$130,A12,'Risk-Control Links'!$F$2:$F$130,"Weak") -> 0 | J12: =IF(D12<>"Yes","Not applicable",IF(G12=0,"Not assessed",IF(I12>0,"Partially implemented","Largely in place - validate"))) -> Not assessed | K12: =IF(D12<>"Yes","-",IF(G12=0,"Baseline - confirm",IF(H12>=12,"High",IF(I12>0,"Medium","Low")))) -> Baseline - confirm
A13: A.5.9 | B13: 5 Organizational | C13: Inventory of information and other associated assets | D13: Yes | E13: Treats register risk(s): R-033, R-053. | F13: R-033, R-053 | G13: =COUNTIF('Risk-Control Links'!$D$2:$D$130,A13) -> 2 | H13: =_xlfn.MAXIFS('Risk-Control Links'!$E$2:$E$130,'Risk-Control Links'!$D$2:$D$130,A13) -> 12 | I13: =COUNTIFS('Risk-Control Links'!$D$2:$D$130,A13,'Risk-Control Links'!$F$2:$F$130,"Weak") -> 1 | J13: =IF(D13<>"Yes","Not applicable",IF(G13=0,"Not assessed",IF(I13>0,"Partially implemented","Largely in place - validate"))) -> Partially implemented | K13: =IF(D13<>"Yes","-",IF(G13=0,"Baseline - confirm",IF(H13>=12,"High",IF(I13>0,"Medium","Low")))) -> High | L13: Chief Information Officer | M13: R-033: Decommission or migrate EOL systems; apply compensating controls until retired.
A14: A.5.10 | B14: 5 Organizational | C14: Acceptable use of information and other associated assets | D14: Yes | E14: Treats register risk(s): R-053. | F14: R-053 | G14: =COUNTIF('Risk-Control Links'!$D$2:$D$130,A14) -> 1 | H14: =_xlfn.MAXIFS('Risk-Control Links'!$E$2:$E$130,'Risk-Control Links'!$D$2:$D$130,A14) -> 6 | I14: =COUNTIFS('Risk-Control Links'!$D$2:$D$130,A14,'Risk-Control Links'!$F$2:$F$130,"Weak") -> 0 | J14: =IF(D14<>"Yes","Not applicable",IF(G14=0,"Not assessed",IF(I14>0,"Partially implemented","Largely in place - validate"))) -> Largely in place - validate | K14: =IF(D14<>"Yes","-",IF(G14=0,"Baseline - confirm",IF(H14>=12,"High",IF(I14>0,"Medium","Low")))) -> Low | L14: Chief Information Officer | M14: R-053: Accept residual risk; review SaaS discovery quarterly and onboard high-use tools.
A15: A.5.11 | B15: 5 Organizational | C15: Return of assets | D15: Yes | E15: Baseline ISO 27001 control; no register risk mapped yet. Confirm applicability and evidence. | G15: =COUNTIF('Risk-Control Links'!$D$2:$D$130,A15) -> 0 | H15: =_xlfn.MAXIFS('Risk-Control Links'!$E$2:$E$130,'Risk-Control Links'!$D$2:$D$130,A15) -> 0 | I15: =COUNTIFS('Risk-Control Links'!$D$2:$D$130,A15,'Risk-Control Links'!$F$2:$F$130,"Weak") -> 0 | J15: =IF(D15<>"Yes","Not applicable",IF(G15=0,"Not assessed",IF(I15>0,"Partially implemented","Largely in place - validate"))) -> Not assessed | K15: =IF(D15<>"Yes","-",IF(G15=0,"Baseline - confirm",IF(H15>=12,"High",IF(I15>0,"Medium","Low")))) -> Baseline - confirm
A16: A.5.12 | B16: 5 Organizational | C16: Classification of information | D16: Yes | E16: Treats register risk(s): R-042. | F16: R-042 | G16: =COUNTIF('Risk-Control Links'!$D$2:$D$130,A16) -> 1 | H16: =_xlfn.MAXIFS('Risk-Control Links'!$E$2:$E$130,'Risk-Control Links'!$D$2:$D$130,A16) -> 9 | I16: =COUNTIFS('Risk-Control Links'!$D$2:$D$130,A16,'Risk-Control Links'!$F$2:$F$130,"Weak") -> 1 | J16: =IF(D16<>"Yes","Not applicable",IF(G16=0,"Not assessed",IF(I16>0,"Partially implemented","Largely in place - validate"))) -> Partially implemented | K16: =IF(D16<>"Yes","-",IF(G16=0,"Baseline - confirm",IF(H16>=12,"High",IF(I16>0,"Medium","Low")))) -> Medium | L16: Head of Data Governance | M16: R-042: Roll out auto-labelling; enforce retention and deletion on file shares.
A17: A.5.13 | B17: 5 Organizational | C17: Labelling of information | D17: Yes | E17: Treats register risk(s): R-042. | F17: R-042 | G17: =COUNTIF('Risk-Control Links'!$D$2:$D$130,A17) -> 1 | H17: =_xlfn.MAXIFS('Risk-Control Links'!$E$2:$E$130,'Risk-Control Links'!$D$2:$D$130,A17) -> 9 | I17: =COUNTIFS('Risk-Control Links'!$D$2:$D$130,A17,'Risk-Control Links'!$F$2:$F$130,"Weak") -> 1 | J17: =IF(D17<>"Yes","Not applicable",IF(G17=0,"Not assessed",IF(I17>0,"Partially implemented","Largely in place - validate"))) -> Partially implemented | K17: =IF(D17<>"Yes","-",IF(G17=0,"Baseline - confirm",IF(H17>=12,"High",IF(I17>0,"Medium","Low")))) -> Medium | L17: Head of Data Governance | M17: R-042: Roll out auto-labelling; enforce retention and deletion on file shares.
A18: A.5.14 | B18: 5 Organizational | C18: Information transfer | D18: Yes | E18: Treats register risk(s): R-046, R-059. | F18: R-046, R-059 | G18: =COUNTIF('Risk-Control Links'!$D$2:$D$130,A18) -> 2 | H18: =_xlfn.MAXIFS('Risk-Control Links'!$E$2:$E$130,'Risk-Control Links'!$D$2:$D$130,A18) -> 9 | I18: =COUNTIFS('Risk-Control Links'!$D$2:$D$130,A18,'Risk-Control Links'!$F$2:$F$130,"Weak") -> 0 | J18: =IF(D18<>"Yes","Not applicable",IF(G18=0,"Not assessed",IF(I18>0,"Partially implemented","Largely in place - validate"))) -> Largely in place - validate | K18: =IF(D18<>"Yes","-",IF(G18=0,"Baseline - confirm",IF(H18>=12,"High",IF(I18>0,"Medium","Low")))) -> Low | L18: Head of Data Governance | M18: R-059: Add external-sender banners and lookalike domain monitoring; run finance fraud drills.
A19: A.5.15 | B19: 5 Organizational | C19: Access control | D19: Yes | E19: Treats register risk(s): R-026, R-052. | F19: R-026, R-052 | G19: =COUNTIF('Risk-Control Links'!$D$2:$D$130,A19) -> 2 | H19: =_xlfn.MAXIFS('Risk-Control Links'!$E$2:$E$130,'Risk-Control Links'!$D$2:$D$130,A19) -> 9 | I19: =COUNTIFS('Risk-Control Links'!$D$2:$D$130,A19,'Risk-Control Links'!$F$2:$F$130,"Weak") -> 0 | J19: =IF(D19<>"Yes","Not applicable",IF(G19=0,"Not assessed",IF(I19>0,"Partially implemented","Largely in place - validate"))) -> Largely in place - validate | K19: =IF(D19<>"Yes","-",IF(G19=0,"Baseline - confirm",IF(H19>=12,"High",IF(I19>0,"Medium","Low")))) -> Low | L19: Chief Financial Officer | M19: R-052: Adopt least-privilege roles through CIEM; remove unused permissions.
A20: A.5.16 | B20: 5 Organizational | C20: Identity management | D20: Yes | E20: Treats register risk(s): R-025, R-029. | F20: R-025, R-029 | G20: =COUNTIF('Risk-Control Links'!$D$2:$D$130,A20) -> 2 | H20: =_xlfn.MAXIFS('Risk-Control Links'!$E$2:$E$130,'Risk-Control Links'!$D$2:$D$130,A20) -> 6 | I20: =COUNTIFS('Risk-Control Links'!$D$2:$D$130,A20,'Risk-Control Links'!$F$2:$F$130,"Weak") -> 2 | J20: =IF(D20<>"Yes","Not applicable",IF(G20=0,"Not assessed",IF(I20>0,"Partially implemented","Largely in place - validate"))) -> Partially implemented | K20: =IF(D20<>"Yes","-",IF(G20=0,"Baseline - confirm",IF(H20>=12,"High",IF(I20>0,"Medium","Low")))) -> Medium | L20: Chief Information Officer | M20: R-025: Integrate HR system with identity provider for automated deprovisioning within 24 hours.
A21: A.5.17 | B21: 5 Organizational | C21: Authentication information | D21: Yes | E21: Treats register risk(s): R-027, R-050, R-070. | F21: R-027, R-050, R-070 | G21: =COUNTIF('Risk-Control Links'!$D$2:$D$130,A21) -> 3 | H21: =_xlfn.MAXIFS('Risk-Control Links'!$E$2:$E$130,'Risk-Control Links'!$D$2:$D$130,A21) -> 9 | I21: =COUNTIFS('Risk-Control Links'!$D$2:$D$130,A21,'Risk-Control Links'!$F$2:$F$130,"Weak") -> 3 | J21: =IF(D21<>"Yes","Not applicable",IF(G21=0,"Not assessed",IF(I21>0,"Partially implemented","Largely in place - validate"))) -> Partially implemented | K21: =IF(D21<>"Yes","-",IF(G21=0,"Baseline - confirm",IF(H21>=12,"High",IF(I21>0,"Medium","Low")))) -> Medium | L21: Chief Information Security Officer | M21: R-027: Inventory all service accounts; migrate secrets to vault with automatic rotation.
A22: A.5.18 | B22: 5 Organizational | C22: Access rights | D22: Yes | E22: Treats register risk(s): R-023, R-025, R-026, R-029. | F22: R-023, R-025, R-026, R-029 | G22: =COUNTIF('Risk-Control Links'!$D$2:$D$130,A22) -> 4 | H22: =_xlfn.MAXIFS('Risk-Control Links'!$E$2:$E$130,'Risk-Control Links'!$D$2:$D$130,A22) -> 8 | I22: =COUNTIFS('Risk-Control Links'!$D$2:$D$130,A22,'Risk-Control Links'!$F$2:$F$130,"Weak") -> 2 | J22: =IF(D22<>"Yes","Not applicable",IF(G22=0,"Not assessed",IF(I22>0,"Partially implemented","Largely in place - validate"))) -> Partially implemented | K22: =IF(D22<>"Yes","-",IF(G22=0,"Baseline - confirm",IF(H22>=12,"High",IF(I22>0,"Medium","Low")))) -> Medium | L22: Chief Information Security Officer | M22: R-023: Complete tiered admin model; enforce just-in-time admin access; rotate break-glass credentials.
A23: A.5.19 | B23: 5 Organizational | C23: Information security in supplier relationships | D23: Yes | E23: Treats register risk(s): R-066, R-074. | F23: R-066, R-074 | G23: =COUNTIF('Risk-Control Links'!$D$2:$D$130,A23) -> 2 | H23: =_xlfn.MAXIFS('Risk-Control Links'!$E$2:$E$130,'Risk-Control Links'!$D$2:$D$130,A23) -> 9 | I23: =COUNTIFS('Risk-Control Links'!$D$2:$D$130,A23,'Risk-Control Links'!$F$2:$F$130,"Weak") -> 1 | J23: =IF(D23<>"Yes","Not applicable",IF(G23=0,"Not assessed",IF(I23>0,"Partially implemented","Largely in place - validate"))) -> Partially implemented | K23: =IF(D23<>"Yes","-",IF(G23=0,"Baseline - confirm",IF(H23>=12,"High",IF(I23>0,"Medium","Low")))) -> Medium | L23: Chief Procurement Officer | M23: R-066: Extend due diligence to Tier-2 vendors; confirm cyber insurance covers contingent business interruption.
A24: A.5.20 | B24: 5 Organizational | C24: Addressing information security within supplier agreements | D24: Yes | E24: Treats register risk(s): R-066, R-073. | F24: R-066, R-073 | G24: =COUNTIF('Risk-Control Links'!$D$2:$D$130,A24) -> 2 | H24: =_xlfn.MAXIFS('Risk-Control Links'!$E$2:$E$130,'Risk-Control Links'!$D$2:$D$130,A24) -> 9 | I24: =COUNTIFS('Risk-Control Links'!$D$2:$D$130,A24,'Risk-Control Links'!$F$2:$F$130,"Weak") -> 1 | J24: =IF(D24<>"Yes","Not applicable",IF(G24=0,"Not assessed",IF(I24>0,"Partially implemented","Largely in place - validate"))) -> Partially implemented | K24: =IF(D24<>"Yes","-",IF(G24=0,"Baseline - confirm",IF(H24>=12,"High",IF(I24>0,"Medium","Low")))) -> Medium | L24: Chief Procurement Officer | M24: R-066: Extend due diligence to Tier-2 vendors; confirm cyber insurance covers contingent business interruption.
A25: A.5.21 | B25: 5 Organizational | C25: Managing information security in the ICT supply chain | D25: Yes | E25: Treats register risk(s): R-067, R-072, R-074. | F25: R-067, R-072, R-074 | G25: =COUNTIF('Risk-Control Links'!$D$2:$D$130,A25) -> 3 | H25: =_xlfn.MAXIFS('Risk-Control Links'!$E$2:$E$130,'Risk-Control Links'!$D$2:$D$130,A25) -> 12 | I25: =COUNTIFS('Risk-Control Links'!$D$2:$D$130,A25,'Risk-Control Links'!$F$2:$F$130,"Weak") -> 1 | J25: =IF(D25<>"Yes","Not applicable",IF(G25=0,"Not assessed",IF(I25>0,"Partially implemented","Largely in place - validate"))) -> Partially implemented | K25: =IF(D25<>"Yes","-",IF(G25=0,"Baseline - confirm",IF(H25>=12,"High",IF(I25>0,"Medium","Low")))) -> High | L25: Chief Procurement Officer | M25: R-067: Move MSP access to just-in-time with session recording; add right-to-audit clauses.
A26: A.5.22 | B26: 5 Organizational | C26: Monitoring, review and change management of supplier services | D26: Yes | E26: Treats register risk(s): R-066, R-067, R-072, R-073. | F26: R-066, R-067, R-072, R-073 | G26: =COUNTIF('Risk-Control Links'!$D$2:$D$130,A26) -> 4 | H26: =_xlfn.MAXIFS('Risk-Control Links'!$E$2:$E$130,'Risk-Control Links'!$D$2:$D$130,A26) -> 12 | I26: =COUNTIFS('Risk-Control Links'!$D$2:$D$130,A26,'Risk-Control Links'!$F$2:$F$130,"Weak") -> 1 | J26: =IF(D26<>"Yes","Not applicable",IF(G26=0,"Not assessed",IF(I26>0,"Partially implemented","Largely in place - validate"))) -> Partially implemented | K26: =IF(D26<>"Yes","-",IF(G26=0,"Baseline - confirm",IF(H26>=12,"High",IF(I26>0,"Medium","Low")))) -> High | L26: Chief Procurement Officer | M26: R-067: Move MSP access to just-in-time with session recording; add right-to-audit clauses.
A27: A.5.23 | B27: 5 Organizational | C27: Information security for use of cloud services | D27: Yes | E27: Treats register risk(s): R-047, R-053. | F27: R-047, R-053 | G27: =COUNTIF('Risk-Control Links'!$D$2:$D$130,A27) -> 2 | H27: =_xlfn.MAXIFS('Risk-Control Links'!$E$2:$E$130,'Risk-Control Links'!$D$2:$D$130,A27) -> 8 | I27: =COUNTIFS('Risk-Control Links'!$D$2:$D$130,A27,'Risk-Control Links'!$F$2:$F$130,"Weak") -> 0 | J27: =IF(D27<>"Yes","Not applicable",IF(G27=0,"Not assessed",IF(I27>0,"Partially implemented","Largely in place - validate"))) -> Largely in place - validate | K27: =IF(D27<>"Yes","-",IF(G27=0,"Baseline - confirm",IF(H27>=12,"High",IF(I27>0,"Medium","Low")))) -> Low | L27: Head of Cloud Platform | M27: R-047: Enforce policy-as-code guardrails; auto-remediate public storage.
... A30: A.5.26 | B30: 5 Organizational | C30: Response to information security incidents | D30: Yes | E30: Treats register risk(s): R-058. | F30: R-058 | G30: =COUNTIF('Risk-Control Links'!$D$2:$D$130,A30) -> 1 | H30: =_xlfn.MAXIFS('Risk-Control Links'!$E$2:$E$130,'Risk-Control Links'!$D$2:$D$130,A30) -> 6 | I30: =COUNTIFS('Risk-Control Links'!$D$2:$D$130,A30,'Risk-Control Links'!$F$2:$F$130,"Weak") -> 0 | J30: =IF(D30<>"Yes","Not applicable",IF(G30=0,"Not assessed",IF(I30>0,"Partially implemented","Largely in place - validate"))) -> Largely in place - validate | K30: =IF(D30<>"Yes","-",IF(G30=0,"Baseline - confirm",IF(H30>=12,"High",IF(I30>0,"Medium","Low")))) -> Low | L30: Chief Information Security Officer | M30: R-058: Hold biannual executive tabletop exercises; update communications playbooks.
A31: A.5.27 | B31: 5 Organizational | C31: Learning from information security incidents | D31: Yes | E31: Baseline ISO 27001 control; no register risk mapped yet. Confirm applicability and evidence. | G31: =COUNTIF('Risk-Control Links'!$D$2:$D$130,A31) -> 0 | H31: =_xlfn.MAXIFS('Risk-Control Links'!$E$2:$E$130,'Risk-Control Links'!$D$2:$D$130,A31) -> 0 | I31: =COUNTIFS('Risk-Control Links'!$D$2:$D$130,A31,'Risk-Control Links'!$F$2:$F$130,"Weak") -> 0 | J31: =IF(D31<>"Yes","Not applicable",IF(G31=0,"Not assessed",IF(I31>0,"Partially implemented","Largely in place - validate"))) -> Not assessed | K31: =IF(D31<>"Yes","-",IF(G31=0,"Baseline - confirm",IF(H31>=12,"High",IF(I31>0,"Medium","Low")))) -> Baseline - confirm
A32: A.5.28 | B32: 5 Organizational | C32: Collection of evidence | D32: Yes | E32: Baseline ISO 27001 control; no register risk mapped yet. Confirm applicability and evidence. | G32: =COUNTIF('Risk-Control Links'!$D$2:$D$130,A32) -> 0 | H32: =_xlfn.MAXIFS('Risk-Control Links'!$E$2:$E$130,'Risk-Control Links'!$D$2:$D$130,A32) -> 0 | I32: =COUNTIFS('Risk-Control Links'!$D$2:$D$130,A32,'Risk-Control Links'!$F$2:$F$130,"Weak") -> 0 | J32: =IF(D32<>"Yes","Not applicable",IF(G32=0,"Not assessed",IF(I32>0,"Partially implemented","Largely in place - validate"))) -> Not assessed | K32: =IF(D32<>"Yes","-",IF(G32=0,"Baseline - confirm",IF(H32>=12,"High",IF(I32>0,"Medium","Low")))) -> Baseline - confirm
A33: A.5.29 | B33: 5 Organizational | C33: Information security during disruption | D33: Yes | E33: Treats register risk(s): R-071. | F33: R-071 | G33: =COUNTIF('Risk-Control Links'!$D$2:$D$130,A33) -> 1 | H33: =_xlfn.MAXIFS('Risk-Control Links'!$E$2:$E$130,'Risk-Control Links'!$D$2:$D$130,A33) -> 6 | I33: =COUNTIFS('Risk-Control Links'!$D$2:$D$130,A33,'Risk-Control Links'!$F$2:$F$130,"Weak") -> 0 | J33: =IF(D33<>"Yes","Not applicable",IF(G33=0,"Not assessed",IF(I33>0,"Partially implemented","Largely in place - validate"))) -> Largely in place - validate | K33: =IF(D33<>"Yes","-",IF(G33=0,"Baseline - confirm",IF(H33>=12,"High",IF(I33>0,"Medium","Low")))) -> Low | L33: Chief Information Officer | M33: R-071: Run annual failover test to secondary region; evaluate multi-cloud for critical workloads.
A34: A.5.30 | B34: 5 Organizational | C34: ICT readiness for business continuity | D34: Yes | E34: Treats register risk(s): R-071. | F34: R-071 | G34: =COUNTIF('Risk-Control Links'!$D$2:$D$130,A34) -> 1 | H34: =_xlfn.MAXIFS('Risk-Control Links'!$E$2:$E$130,'Risk-Control Links'!$D$2:$D$130,A34) -> 6 | I34: =COUNTIFS('Risk-Control Links'!$D$2:$D$130,A34,'Risk-Control Links'!$F$2:$F$130,"Weak") -> 0 | J34: =IF(D34<>"Yes","Not applicable",IF(G34=0,"Not assessed",IF(I34>0,"Partially implemented","Largely in place - validate"))) -> Largely in place - validate | K34: =IF(D34<>"Yes","-",IF(G34=0,"Baseline - confirm",IF(H34>=12,"High",IF(I34>0,"Medium","Low")))) -> Low | L34: Chief Information Officer | M34: R-071: Run annual failover test to secondary region; evaluate multi-cloud for critical workloads.
A35: A.5.31 | B35: 5 Organizational | C35: Legal, statutory, regulatory and contractual requirements | D35: Yes | E35: Treats register risk(s): R-043, R-064. | F35: R-043, R-064 | G35: =COUNTIF('Risk-Control Links'!$D$2:$D$130,A35) -> 2 | H35: =_xlfn.MAXIFS('Risk-Control Links'!$E$2:$E$130,'Risk-Control Links'!$D$2:$D$130,A35) -> 6 | I35: =COUNTIFS('Risk-Control Links'!$D$2:$D$130,A35,'Risk-Control Links'!$F$2:$F$130,"Weak") -> 0 | J35: =IF(D35<>"Yes","Not applicable",IF(G35=0,"Not assessed",IF(I35>0,"Partially implemented","Largely in place - validate"))) -> Largely in place - validate | K35: =IF(D35<>"Yes","-",IF(G35=0,"Baseline - confirm",IF(H35>=12,"High",IF(I35>0,"Medium","Low")))) -> Low | L35: General Counsel | M35: R-043: Complete transfer impact assessments for all vendors; map data flows.
A36: A.5.32 | B36: 5 Organizational | C36: Intellectual property rights | D36: Yes | E36: Baseline ISO 27001 control; no register risk mapped yet. Confirm applicability and evidence. | G36: =COUNTIF('Risk-Control Links'!$D$2:$D$130,A36) -> 0 | H36: =_xlfn.MAXIFS('Risk-Control Links'!$E$2:$E$130,'Risk-Control Links'!$D$2:$D$130,A36) -> 0 | I36: =COUNTIFS('Risk-Control Links'!$D$2:$D$130,A36,'Risk-Control Links'!$F$2:$F$130,"Weak") -> 0 | J36: =IF(D36<>"Yes","Not applicable",IF(G36=0,"Not assessed",IF(I36>0,"Partially implemented","Largely in place - validate"))) -> Not assessed | K36: =IF(D36<>"Yes","-",IF(G36=0,"Baseline - confirm",IF(H36>=12,"High",IF(I36>0,"Medium","Low")))) -> Baseline - confirm
A37: A.5.33 | B37: 5 Organizational | C37: Protection of records | D37: Yes | E37: Baseline ISO 27001 control; no register risk mapped yet. Confirm applicability and evidence. | G37: =COUNTIF('Risk-Control Links'!$D$2:$D$130,A37) -> 0 | H37: =_xlfn.MAXIFS('Risk-Control Links'!$E$2:$E$130,'Risk-Control Links'!$D$2:$D$130,A37) -> 0 | I37: =COUNTIFS('Risk-Control Links'!$D$2:$D$130,A37,'Risk-Control Links'!$F$2:$F$130,"Weak") -> 0 | J37: =IF(D37<>"Yes","Not applicable",IF(G37=0,"Not assessed",IF(I37>0,"Partially implemented","Largely in place - validate"))) -> Not assessed | K37: =IF(D37<>"Yes","-",IF(G37=0,"Baseline - confirm",IF(H37>=12,"High",IF(I37>0,"Medium","Low")))) -> Baseline - confirm
A38: A.5.34 | B38: 5 Organizational | C38: Privacy and protection of PII | D38: Yes | E38: Treats register risk(s): R-039, R-043, R-064. | F38: R-039, R-043, R-064 | G38: =COUNTIF('Risk-Control Links'!$D$2:$D$130,A38) -> 3 | H38: =_xlfn.MAXIFS('Risk-Control Links'!$E$2:$E$130,'Risk-Control Links'!$D$2:$D$130,A38) -> 8 | I38: =COUNTIFS('Risk-Control Links'!$D$2:$D$130,A38,'Risk-Control Links'!$F$2:$F$130,"Weak") -> 0 | J38: =IF(D38<>"Yes","Not applicable",IF(G38=0,"Not assessed",IF(I38>0,"Partially implemented","Largely in place - validate"))) -> Largely in place - validate | K38: =IF(D38<>"Yes","-",IF(G38=0,"Baseline - confirm",IF(H38>=12,"High",IF(I38>0,"Medium","Low")))) -> Low | L38: General Counsel | M38: R-039: Refresh ROPA; implement field-level encryption for HR and loyalty data.
A39: A.5.35 | B39: 5 Organizational | C39: Independent review of information security | D39: Yes | E39: Baseline ISO 27001 control; no register risk mapped yet. Confirm applicability and evidence. | G39: =COUNTIF('Risk-Control Links'!$D$2:$D$130,A39) -> 0 | H39: =_xlfn.MAXIFS('Risk-Control Links'!$E$2:$E$130,'Risk-Control Links'!$D$2:$D$130,A39) -> 0 | I39: =COUNTIFS('Risk-Control Links'!$D$2:$D$130,A39,'Risk-Control Links'!$F$2:$F$130,"Weak") -> 0 | J39: =IF(D39<>"Yes","Not applicable",IF(G39=0,"Not assessed",IF(I39>0,"Partially implemented","Largely in place - validate"))) -> Not assessed | K39: =IF(D39<>"Yes","-",IF(G39=0,"Baseline - confirm",IF(H39>=12,"High",IF(I39>0,"Medium","Low")))) -> Baseline - confirm
A40: A.5.36 | B40: 5 Organizational | C40: Compliance with policies, rules and standards for information security | D40: Yes | E40: Baseline ISO 27001 control; no register risk mapped yet. Confirm applicability and evidence. | G40: =COUNTIF('Risk-Control Links'!$D$2:$D$130,A40) -> 0 | H40: =_xlfn.MAXIFS('Risk-Control Links'!$E$2:$E$130,'Risk-Control Links'!$D$2:$D$130,A40) -> 0 | I40: =COUNTIFS('Risk-Control Links'!$D$2:$D$130,A40,'Risk-Control Links'!$F$2:$F$130,"Weak") -> 0 | J40: =IF(D40<>"Yes","Not applicable",IF(G40=0,"Not assessed",IF(I40>0,"Partially implemented","Largely in place - validate"))) -> Not assessed | K40: =IF(D40<>"Yes","-",IF(G40=0,"Baseline - confirm",IF(H40>=12,"High",IF(I40>0,"Medium","Low")))) -> Baseline - confirm
A41: A.5.37 | B41: 5 Organizational | C41: Documented operating procedures | D41: Yes | E41: Baseline ISO 27001 control; no register risk mapped yet. Confirm applicability and evidence. | G41: =COUNTIF('Risk-Control Links'!$D$2:$D$130,A41) -> 0 | H41: =_xlfn.MAXIFS('Risk-Control Links'!$E$2:$E$130,'Risk-Control Links'!$D$2:$D$130,A41) -> 0 | I41: =COUNTIFS('Risk-Control Links'!$D$2:$D$130,A41,'Risk-Control Links'!$F$2:$F$130,"Weak") -> 0 | J41: =IF(D41<>"Yes","Not applicable",IF(G41=0,"Not assessed",IF(I41>0,"Partially implemented","Largely in place - validate"))) -> Not assessed | K41: =IF(D41<>"Yes","-",IF(G41=0,"Baseline - confirm",IF(H41>=12,"High",IF(I41>0,"Medium","Low")))) -> Baseline - confirm
A42: A.6.1 | B42: 6 People | C42: Screening | D42: Yes | E42: Treats register risk(s): R-041, R-060. | F42: R-041, R-060 | G42: =COUNTIF('Risk-Control Links'!$D$2:$D$130,A42) -> 2 | H42: =_xlfn.MAXIFS('Risk-Control Links'!$E$2:$E$130,'Risk-Control Links'!$D$2:$D$130,A42) -> 6 | I42: =COUNTIFS('Risk-Control Links'!$D$2:$D$130,A42,'Risk-Control Links'!$F$2:$F$130,"Weak") -> 0 | J42: =IF(D42<>"Yes","Not applicable",IF(G42=0,"Not assessed",IF(I42>0,"Partially implemented","Largely in place - validate"))) -> Largely in place - validate | K42: =IF(D42<>"Yes","-",IF(G42=0,"Baseline - confirm",IF(H42>=12,"High",IF(I42>0,"Medium","Low")))) -> Low | L42: Chief Information Security Officer | M42: R-041: Deploy user behaviour analytics; extend DLP to cloud storage.
A43: A.6.2 | B43: 6 People | C43: Terms and conditions of employment | D43: Yes | E43: Baseline ISO 27001 control; no register risk mapped yet. Confirm applicability and evidence. | G43: =COUNTIF('Risk-Control Links'!$D$2:$D$130,A43) -> 0 | H43: =_xlfn.MAXIFS('Risk-Control Links'!$E$2:$E$130,'Risk-Control Links'!$D$2:$D$130,A43) -> 0 | I43: =COUNTIFS('Risk-Control Links'!$D$2:$D$130,A43,'Risk-Control Links'!$F$2:$F$130,"Weak") -> 0 | J43: =IF(D43<>"Yes","Not applicable",IF(G43=0,"Not assessed",IF(I43>0,"Partially implemented","Largely in place - validate"))) -> Not assessed | K43: =IF(D43<>"Yes","-",IF(G43=0,"Baseline - confirm",IF(H43>=12,"High",IF(I43>0,"Medium","Low")))) -> Baseline - confirm
A44: A.6.3 | B44: 6 People | C44: Information security awareness, education and training | D44: Yes | E44: Treats register risk(s): R-011, R-013, R-046, R-059. | F44: R-011, R-013, R-046, R-059 | G44: =COUNTIF('Risk-Control Links'!$D$2:$D$130,A44) -> 4 | H44: =_xlfn.MAXIFS('Risk-Control Links'!$E$2:$E$130,'Risk-Control Links'!$D$2:$D$130,A44) -> 9 | I44: =COUNTIFS('Risk-Control Links'!$D$2:$D$130,A44,'Risk-Control Links'!$F$2:$F$130,"Weak") -> 0 | J44: =IF(D44<>"Yes","Not applicable",IF(G44=0,"Not assessed",IF(I44>0,"Partially implemented","Largely in place - validate"))) -> Largely in place - validate | K44: =IF(D44<>"Yes","-",IF(G44=0,"Baseline - confirm",IF(H44>=12,"High",IF(I44>0,"Medium","Low")))) -> Low | L44: Chief Financial Officer | M44: R-013: Roll out phishing-resistant MFA for finance, HR and admins; gate access on device compliance.
A45: A.6.4 | B45: 6 People | C45: Disciplinary process | D45: Yes | E45: Baseline ISO 27001 control; no register risk mapped yet. Confirm applicability and evidence. | G45: =COUNTIF('Risk-Control Links'!$D$2:$D$130,A45) -> 0 | H45: =_xlfn.MAXIFS('Risk-Control Links'!$E$2:$E$130,'Risk-Control Links'!$D$2:$D$130,A45) -> 0 | I45: =COUNTIFS('Risk-Control Links'!$D$2:$D$130,A45,'Risk-Control Links'!$F$2:$F$130,"Weak") -> 0 | J45: =IF(D45<>"Yes","Not applicable",IF(G45=0,"Not assessed",IF(I45>0,"Partially implemented","Largely in place - validate"))) -> Not assessed | K45: =IF(D45<>"Yes","-",IF(G45=0,"Baseline - confirm",IF(H45>=12,"High",IF(I45>0,"Medium","Low")))) -> Baseline - confirm
A46: A.6.5 | B46: 6 People | C46: Responsibilities after termination or change of employment | D46: Yes | E46: Treats register risk(s): R-025, R-044. | F46: R-025, R-044 | G46: =COUNTIF('Risk-Control Links'!$D$2:$D$130,A46) -> 2 | H46: =_xlfn.MAXIFS('Risk-Control Links'!$E$2:$E$130,'Risk-Control Links'!$D$2:$D$130,A46) -> 6 | I46: =COUNTIFS('Risk-Control Links'!$D$2:$D$130,A46,'Risk-Control Links'!$F$2:$F$130,"Weak") -> 1 | J46: =IF(D46<>"Yes","Not applicable",IF(G46=0,"Not assessed",IF(I46>0,"Partially implemented","Largely in place - validate"))) -> Partially implemented | K46: =IF(D46<>"Yes","-",IF(G46=0,"Baseline - confirm",IF(H46>=12,"High",IF(I46>0,"Medium","Low")))) -> Medium | L46: Chief Information Officer | M46: R-025: Integrate HR system with identity provider for automated deprovisioning within 24 hours.
A47: A.6.6 | B47: 6 People | C47: Confidentiality or non-disclosure agreements | D47: Yes | E47: Treats register risk(s): R-044. | F47: R-044 | G47: =COUNTIF('Risk-Control Links'!$D$2:$D$130,A47) -> 1 | H47: =_xlfn.MAXIFS('Risk-Control Links'!$E$2:$E$130,'Risk-Control Links'!$D$2:$D$130,A47) -> 6 | I47: =COUNTIFS('Risk-Control Links'!$D$2:$D$130,A47,'Risk-Control Links'!$F$2:$F$130,"Weak") -> 0 | J47: =IF(D47<>"Yes","Not applicable",IF(G47=0,"Not assessed",IF(I47>0,"Partially implemented","Largely in place - validate"))) -> Largely in place - validate | K47: =IF(D47<>"Yes","-",IF(G47=0,"Baseline - confirm",IF(H47>=12,"High",IF(I47>0,"Medium","Low")))) -> Low | L47: Chief People Officer | M47: R-044: Review data activity of leavers; restrict bulk download from R&D repositories.
A48: A.6.7 | B48: 6 People | C48: Remote working | D48: Yes | E48: Treats register risk(s): R-013, R-014. | F48: R-013, R-014 | G48: =COUNTIF('Risk-Control Links'!$D$2:$D$130,A48) -> 2 | H48: =_xlfn.MAXIFS('Risk-Control Links'!$E$2:$E$130,'Risk-Control Links'!$D$2:$D$130,A48) -> 9 | I48: =COUNTIFS('Risk-Control Links'!$D$2:$D$130,A48,'Risk-Control Links'!$F$2:$F$130,"Weak") -> 0 | J48: =IF(D48<>"Yes","Not applicable",IF(G48=0,"Not assessed",IF(I48>0,"Partially implemented","Largely in place - validate"))) -> Largely in place - validate | K48: =IF(D48<>"Yes","-",IF(G48=0,"Baseline - confirm",IF(H48>=12,"High",IF(I48>0,"Medium","Low")))) -> Low | L48: Chief Information Security Officer | M48: R-013: Roll out phishing-resistant MFA for finance, HR and admins; gate access on device compliance.
A49: A.6.8 | B49: 6 People | C49: Information security event reporting | D49: Yes | E49: Baseline ISO 27001 control; no register risk mapped yet. Confirm applicability and evidence. | G49: =COUNTIF('Risk-Control Links'!$D$2:$D$130,A49) -> 0 | H49: =_xlfn.MAXIFS('Risk-Control Links'!$E$2:$E$130,'Risk-Control Links'!$D$2:$D$130,A49) -> 0 | I49: =COUNTIFS('Risk-Control Links'!$D$2:$D$130,A49,'Risk-Control Links'!$F$2:$F$130,"Weak") -> 0 | J49: =IF(D49<>"Yes","Not applicable",IF(G49=0,"Not assessed",IF(I49>0,"Partially implemented","Largely in place - validate"))) -> Not assessed | K49: =IF(D49<>"Yes","-",IF(G49=0,"Baseline - confirm",IF(H49>=12,"High",IF(I49>0,"Medium","Low")))) -> Baseline - confirm
A50: A.7.1 | B50: 7 Physical | C50: Physical security perimeters | D50: Yes | E50: Baseline ISO 27001 control; no register risk mapped yet. Confirm applicability and evidence. | G50: =COUNTIF('Risk-Control Links'!$D$2:$D$130,A50) -> 0 | H50: =_xlfn.MAXIFS('Risk-Control Links'!$E$2:$E$130,'Risk-Control Links'!$D$2:$D$130,A50) -> 0 | I50: =COUNTIFS('Risk-Control Links'!$D$2:$D$130,A50,'Risk-Control Links'!$F$2:$F$130,"Weak") -> 0 | J50: =IF(D50<>"Yes","Not applicable",IF(G50=0,"Not assessed",IF(I50>0,"Partially implemented","Largely in place - validate"))) -> Not assessed | K50: =IF(D50<>"Yes","-",IF(G50=0,"Baseline - confirm",IF(H50>=12,"High",IF(I50>0,"Medium","Low")))) -> Baseline - confirm
A51: A.7.2 | B51: 7 Physical | C51: Physical entry | D51: Yes | E51: Baseline ISO 27001 control; no register risk mapped yet. Confirm applicability and evidence. | G51: =COUNTIF('Risk-Control Links'!$D$2:$D$130,A51) -> 0 | H51: =_xlfn.MAXIFS('Risk-Control Links'!$E$2:$E$130,'Risk-Control Links'!$D$2:$D$130,A51) -> 0 | I51: =COUNTIFS('Risk-Control Links'!$D$2:$D$130,A51,'Risk-Control Links'!$F$2:$F$130,"Weak") -> 0 | J51: =IF(D51<>"Yes","Not applicable",IF(G51=0,"Not assessed",IF(I51>0,"Partially implemented","Largely in place - validate"))) -> Not assessed | K51: =IF(D51<>"Yes","-",IF(G51=0,"Baseline - confirm",IF(H51>=12,"High",IF(I51>0,"Medium","Low")))) -> Baseline - confirm
A52: A.7.3 | B52: 7 Physical | C52: Securing offices, rooms and facilities | D52: Yes | E52: Baseline ISO 27001 control; no register risk mapped yet. Confirm applicability and evidence. | G52: =COUNTIF('Risk-Control Links'!$D$2:$D$130,A52) -> 0 | H52: =_xlfn.MAXIFS('Risk-Control Links'!$E$2:$E$130,'Risk-Control Links'!$D$2:$D$130,A52) -> 0 | I52: =COUNTIFS('Risk-Control Links'!$D$2:$D$130,A52,'Risk-Control Links'!$F$2:$F$130,"Weak") -> 0 | J52: =IF(D52<>"Yes","Not applicable",IF(G52=0,"Not assessed",IF(I52>0,"Partially implemented","Largely in place - validate"))) -> Not assessed | K52: =IF(D52<>"Yes","-",IF(G52=0,"Baseline - confirm",IF(H52>=12,"High",IF(I52>0,"Medium","Low")))) -> Baseline - confirm
A53: A.7.4 | B53: 7 Physical | C53: Physical security monitoring | D53: Yes | E53: Baseline ISO 27001 control; no register risk mapped yet. Confirm applicability and evidence. | G53: =COUNTIF('Risk-Control Links'!$D$2:$D$130,A53) -> 0 | H53: =_xlfn.MAXIFS('Risk-Control Links'!$E$2:$E$130,'Risk-Control Links'!$D$2:$D$130,A53) -> 0 | I53: =COUNTIFS('Risk-Control Links'!$D$2:$D$130,A53,'Risk-Control Links'!$F$2:$F$130,"Weak") -> 0 | J53: =IF(D53<>"Yes","Not applicable",IF(G53=0,"Not assessed",IF(I53>0,"Partially implemented","Largely in place - validate"))) -> Not assessed | K53: =IF(D53<>"Yes","-",IF(G53=0,"Baseline - confirm",IF(H53>=12,"High",IF(I53>0,"Medium","Low")))) -> Baseline - confirm
A54: A.7.5 | B54: 7 Physical | C54: Protecting against physical and environmental threats | D54: Yes | E54: Baseline ISO 27001 control; no register risk mapped yet. Confirm applicability and evidence. | G54: =COUNTIF('Risk-Control Links'!$D$2:$D$130,A54) -> 0 | H54: =_xlfn.MAXIFS('Risk-Control Links'!$E$2:$E$130,'Risk-Control Links'!$D$2:$D$130,A54) -> 0 | I54: =COUNTIFS('Risk-Control Links'!$D$2:$D$130,A54,'Risk-Control Links'!$F$2:$F$130,"Weak") -> 0 | J54: =IF(D54<>"Yes","Not applicable",IF(G54=0,"Not assessed",IF(I54>0,"Partially implemented","Largely in place - validate"))) -> Not assessed | K54: =IF(D54<>"Yes","-",IF(G54=0,"Baseline - confirm",IF(H54>=12,"High",IF(I54>0,"Medium","Low")))) -> Baseline - confirm
A55: A.7.6 | B55: 7 Physical | C55: Working in secure areas | D55: Yes | E55: Baseline ISO 27001 control; no register risk mapped yet. Confirm applicability and evidence. | G55: =COUNTIF('Risk-Control Links'!$D$2:$D$130,A55) -> 0 | H55: =_xlfn.MAXIFS('Risk-Control Links'!$E$2:$E$130,'Risk-Control Links'!$D$2:$D$130,A55) -> 0 | I55: =COUNTIFS('Risk-Control Links'!$D$2:$D$130,A55,'Risk-Control Links'!$F$2:$F$130,"Weak") -> 0 | J55: =IF(D55<>"Yes","Not applicable",IF(G55=0,"Not assessed",IF(I55>0,"Partially implemented","Largely in place - validate"))) -> Not assessed | K55: =IF(D55<>"Yes","-",IF(G55=0,"Baseline - confirm",IF(H55>=12,"High",IF(I55>0,"Medium","Low")))) -> Baseline - confirm
A56: A.7.7 | B56: 7 Physical | C56: Clear desk and clear screen | D56: Yes | E56: Baseline ISO 27001 control; no register risk mapped yet. Confirm applicability and evidence. | G56: =COUNTIF('Risk-Control Links'!$D$2:$D$130,A56) -> 0 | H56: =_xlfn.MAXIFS('Risk-Control Links'!$E$2:$E$130,'Risk-Control Links'!$D$2:$D$130,A56) -> 0 | I56: =COUNTIFS('Risk-Control Links'!$D$2:$D$130,A56,'Risk-Control Links'!$F$2:$F$130,"Weak") -> 0 | J56: =IF(D56<>"Yes","Not applicable",IF(G56=0,"Not assessed",IF(I56>0,"Partially implemented","Largely in place - validate"))) -> Not assessed | K56: =IF(D56<>"Yes","-",IF(G56=0,"Baseline - confirm",IF(H56>=12,"High",IF(I56>0,"Medium","Low")))) -> Baseline - confirm
A57: A.7.8 | B57: 7 Physical | C57: Equipment siting and protection | D57: Yes | E57: Baseline ISO 27001 control; no register risk mapped yet. Confirm applicability and evidence. | G57: =COUNTIF('Risk-Control Links'!$D$2:$D$130,A57) -> 0 | H57: =_xlfn.MAXIFS('Risk-Control Links'!$E$2:$E$130,'Risk-Control Links'!$D$2:$D$130,A57) -> 0 | I57: =COUNTIFS('Risk-Control Links'!$D$2:$D$130,A57,'Risk-Control Links'!$F$2:$F$130,"Weak") -> 0 | J57: =IF(D57<>"Yes","Not applicable",IF(G57=0,"Not assessed",IF(I57>0,"Partially implemented","Largely in place - validate"))) -> Not assessed | K57: =IF(D57<>"Yes","-",IF(G57=0,"Baseline - confirm",IF(H57>=12,"High",IF(I57>0,"Medium","Low")))) -> Baseline - confirm
A58: A.7.9 | B58: 7 Physical | C58: Security of assets off-premises | D58: Yes | E58: Treats register risk(s): R-014, R-040. | F58: R-014, R-040 | G58: =COUNTIF('Risk-Control Links'!$D$2:$D$130,A58) -> 2 | H58: =_xlfn.MAXIFS('Risk-Control Links'!$E$2:$E$130,'Risk-Control Links'!$D$2:$D$130,A58) -> 6 | I58: =COUNTIFS('Risk-Control Links'!$D$2:$D$130,A58,'Risk-Control Links'!$F$2:$F$130,"Weak") -> 0 | J58: =IF(D58<>"Yes","Not applicable",IF(G58=0,"Not assessed",IF(I58>0,"Partially implemented","Largely in place - validate"))) -> Largely in place - validate | K58: =IF(D58<>"Yes","-",IF(G58=0,"Baseline - confirm",IF(H58>=12,"High",IF(I58>0,"Medium","Low")))) -> Low | L58: Chief Information Officer | M58: R-014: Move to zero-trust network access; restrict BYOD to virtual desktop; refresh remote working policy.
A59: A.7.10 | B59: 7 Physical | C59: Storage media | D59: Yes | E59: Baseline ISO 27001 control; no register risk mapped yet. Confirm applicability and evidence. | G59: =COUNTIF('Risk-Control Links'!$D$2:$D$130,A59) -> 0 | H59: =_xlfn.MAXIFS('Risk-Control Links'!$E$2:$E$130,'Risk-Control Links'!$D$2:$D$130,A59) -> 0 | I59: =COUNTIFS('Risk-Control Links'!$D$2:$D$130,A59,'Risk-Control Links'!$F$2:$F$130,"Weak") -> 0 | J59: =IF(D59<>"Yes","Not applicable",IF(G59=0,"Not assessed",IF(I59>0,"Partially implemented","Largely in place - validate"))) -> Not assessed | K59: =IF(D59<>"Yes","-",IF(G59=0,"Baseline - confirm",IF(H59>=12,"High",IF(I59>0,"Medium","Low")))) -> Baseline - confirm
A60: A.7.11 | B60: 7 Physical | C60: Supporting utilities | D60: Yes | E60: Baseline ISO 27001 control; no register risk mapped yet. Confirm applicability and evidence. | G60: =COUNTIF('Risk-Control Links'!$D$2:$D$130,A60) -> 0 | H60: =_xlfn.MAXIFS('Risk-Control Links'!$E$2:$E$130,'Risk-Control Links'!$D$2:$D$130,A60) -> 0 | I60: =COUNTIFS('Risk-Control Links'!$D$2:$D$130,A60,'Risk-Control Links'!$F$2:$F$130,"Weak") -> 0 | J60: =IF(D60<>"Yes","Not applicable",IF(G60=0,"Not assessed",IF(I60>0,"Partially implemented","Largely in place - validate"))) -> Not assessed | K60: =IF(D60<>"Yes","-",IF(G60=0,"Baseline - confirm",IF(H60>=12,"High",IF(I60>0,"Medium","Low")))) -> Baseline - confirm
A61: A.7.12 | B61: 7 Physical | C61: Cabling security | D61: Yes | E61: Baseline ISO 27001 control; no register risk mapped yet. Confirm applicability and evidence. | G61: =COUNTIF('Risk-Control Links'!$D$2:$D$130,A61) -> 0 | H61: =_xlfn.MAXIFS('Risk-Control Links'!$E$2:$E$130,'Risk-Control Links'!$D$2:$D$130,A61) -> 0 | I61: =COUNTIFS('Risk-Control Links'!$D$2:$D$130,A61,'Risk-Control Links'!$F$2:$F$130,"Weak") -> 0 | J61: =IF(D61<>"Yes","Not applicable",IF(G61=0,"Not assessed",IF(I61>0,"Partially implemented","Largely in place - validate"))) -> Not assessed | K61: =IF(D61<>"Yes","-",IF(G61=0,"Baseline - confirm",IF(H61>=12,"High",IF(I61>0,"Medium","Low")))) -> Baseline - confirm
A62: A.7.13 | B62: 7 Physical | C62: Equipment maintenance | D62: Yes | E62: Baseline ISO 27001 control; no register risk mapped yet. Confirm applicability and evidence. | G62: =COUNTIF('Risk-Control Links'!$D$2:$D$130,A62) -> 0 | H62: =_xlfn.MAXIFS('Risk-Control Links'!$E$2:$E$130,'Risk-Control Links'!$D$2:$D$130,A62) -> 0 | I62: =COUNTIFS('Risk-Control Links'!$D$2:$D$130,A62,'Risk-Control Links'!$F$2:$F$130,"Weak") -> 0 | J62: =IF(D62<>"Yes","Not applicable",IF(G62=0,"Not assessed",IF(I62>0,"Partially implemented","Largely in place - validate"))) -> Not assessed | K62: =IF(D62<>"Yes","-",IF(G62=0,"Baseline - confirm",IF(H62>=12,"High",IF(I62>0,"Medium","Low")))) -> Baseline - confirm
A63: A.7.14 | B63: 7 Physical | C63: Secure disposal or re-use of equipment | D63: Yes | E63: Baseline ISO 27001 control; no register risk mapped yet. Confirm applicability and evidence. | G63: =COUNTIF('Risk-Control Links'!$D$2:$D$130,A63) -> 0 | H63: =_xlfn.MAXIFS('Risk-Control Links'!$E$2:$E$130,'Risk-Control Links'!$D$2:$D$130,A63) -> 0 | I63: =COUNTIFS('Risk-Control Links'!$D$2:$D$130,A63,'Risk-Control Links'!$F$2:$F$130,"Weak") -> 0 | J63: =IF(D63<>"Yes","Not applicable",IF(G63=0,"Not assessed",IF(I63>0,"Partially implemented","Largely in place - validate"))) -> Not assessed | K63: =IF(D63<>"Yes","-",IF(G63=0,"Baseline - confirm",IF(H63>=12,"High",IF(I63>0,"Medium","Low")))) -> Baseline - confirm
A64: A.8.1 | B64: 8 Technological | C64: User endpoint devices | D64: Yes | E64: Treats register risk(s): R-014, R-030, R-037, R-040. | F64: R-014, R-030, R-037, R-040 | G64: =COUNTIF('Risk-Control Links'!$D$2:$D$130,A64) -> 4 | H64: =_xlfn.MAXIFS('Risk-Control Links'!$E$2:$E$130,'Risk-Control Links'!$D$2:$D$130,A64) -> 8 | I64: =COUNTIFS('Risk-Control Links'!$D$2:$D$130,A64,'Risk-Control Links'!$F$2:$F$130,"Weak") -> 0 | J64: =IF(D64<>"Yes","Not applicable",IF(G64=0,"Not assessed",IF(I64>0,"Partially implemented","Largely in place - validate"))) -> Largely in place - validate | K64: =IF(D64<>"Yes","-",IF(G64=0,"Baseline - confirm",IF(H64>=12,"High",IF(I64>0,"Medium","Low")))) -> Low | L64: Chief Information Officer | M64: R-030: Enforce device-bound sessions; block unmanaged devices from sensitive apps.
A65: A.8.2 | B65: 8 Technological | C65: Privileged access rights | D65: Yes | E65: Treats register risk(s): R-023, R-027, R-052, R-060, R-067. | F65: R-023, R-027, R-052, R-060, R-067 | G65: =COUNTIF('Risk-Control Links'!$D$2:$D$130,A65) -> 5 | H65: =_xlfn.MAXIFS('Risk-Control Links'!$E$2:$E$130,'Risk-Control Links'!$D$2:$D$130,A65) -> 12 | I65: =COUNTIFS('Risk-Control Links'!$D$2:$D$130,A65,'Risk-Control Links'!$F$2:$F$130,"Weak") -> 1 | J65: =IF(D65<>"Yes","Not applicable",IF(G65=0,"Not assessed",IF(I65>0,"Partially implemented","Largely in place - validate"))) -> Partially implemented | K65: =IF(D65<>"Yes","-",IF(G65=0,"Baseline - confirm",IF(H65>=12,"High",IF(I65>0,"Medium","Low")))) -> High | L65: Chief Information Security Officer | M65: R-067: Move MSP access to just-in-time with session recording; add right-to-audit clauses.
A66: A.8.3 | B66: 8 Technological | C66: Information access restriction | D66: Yes | E66: Baseline ISO 27001 control; no register risk mapped yet. Confirm applicability and evidence. | G66: =COUNTIF('Risk-Control Links'!$D$2:$D$130,A66) -> 0 | H66: =_xlfn.MAXIFS('Risk-Control Links'!$E$2:$E$130,'Risk-Control Links'!$D$2:$D$130,A66) -> 0 | I66: =COUNTIFS('Risk-Control Links'!$D$2:$D$130,A66,'Risk-Control Links'!$F$2:$F$130,"Weak") -> 0 | J66: =IF(D66<>"Yes","Not applicable",IF(G66=0,"Not assessed",IF(I66>0,"Partially implemented","Largely in place - validate"))) -> Not assessed | K66: =IF(D66<>"Yes","-",IF(G66=0,"Baseline - confirm",IF(H66>=12,"High",IF(I66>0,"Medium","Low")))) -> Baseline - confirm
A67: A.8.4 | B67: 8 Technological | C67: Access to source code | D67: Yes | E67: Treats register risk(s): R-050. | F67: R-050 | G67: =COUNTIF('Risk-Control Links'!$D$2:$D$130,A67) -> 1 | H67: =_xlfn.MAXIFS('Risk-Control Links'!$E$2:$E$130,'Risk-Control Links'!$D$2:$D$130,A67) -> 9 | I67: =COUNTIFS('Risk-Control Links'!$D$2:$D$130,A67,'Risk-Control Links'!$F$2:$F$130,"Weak") -> 1 | J67: =IF(D67<>"Yes","Not applicable",IF(G67=0,"Not assessed",IF(I67>0,"Partially implemented","Largely in place - validate"))) -> Partially implemented | K67: =IF(D67<>"Yes","-",IF(G67=0,"Baseline - confirm",IF(H67>=12,"High",IF(I67>0,"Medium","Low")))) -> Medium | L67: Head of Engineering | M67: R-050: Enforce secret scanning org-wide; rotate all exposed keys; purge history.
A68: A.8.5 | B68: 8 Technological | C68: Secure authentication | D68: Yes | E68: Treats register risk(s): R-013, R-024, R-028, R-030, R-054. | F68: R-013, R-024, R-028, R-030, R-054 | G68: =COUNTIF('Risk-Control Links'!$D$2:$D$130,A68) -> 5 | H68: =_xlfn.MAXIFS('Risk-Control Links'!$E$2:$E$130,'Risk-Control Links'!$D$2:$D$130,A68) -> 9 | I68: =COUNTIFS('Risk-Control Links'!$D$2:$D$130,A68,'Risk-Control Links'!$F$2:$F$130,"Weak") -> 0 | J68: =IF(D68<>"Yes","Not applicable",IF(G68=0,"Not assessed",IF(I68>0,"Partially implemented","Largely in place - validate"))) -> Largely in place - validate | K68: =IF(D68<>"Yes","-",IF(G68=0,"Baseline - confirm",IF(H68>=12,"High",IF(I68>0,"Medium","Low")))) -> Low | L68: Chief Information Security Officer | M68: R-013: Roll out phishing-resistant MFA for finance, HR and admins; gate access on device compliance.
A69: A.8.6 | B69: 8 Technological | C69: Capacity management | D69: Yes | E69: Treats register risk(s): R-035. | F69: R-035 | G69: =COUNTIF('Risk-Control Links'!$D$2:$D$130,A69) -> 1 | H69: =_xlfn.MAXIFS('Risk-Control Links'!$E$2:$E$130,'Risk-Control Links'!$D$2:$D$130,A69) -> 6 | I69: =COUNTIFS('Risk-Control Links'!$D$2:$D$130,A69,'Risk-Control Links'!$F$2:$F$130,"Weak") -> 0 | J69: =IF(D69<>"Yes","Not applicable",IF(G69=0,"Not assessed",IF(I69>0,"Partially implemented","Largely in place - validate"))) -> Largely in place - validate | K69: =IF(D69<>"Yes","-",IF(G69=0,"Baseline - confirm",IF(H69>=12,"High",IF(I69>0,"Medium","Low")))) -> Low | L69: Chief Information Officer | M69: R-035: Test DDoS runbook; tune rate limits before peak season.
A70: A.8.7 | B70: 8 Technological | C70: Protection against malware | D70: Yes | E70: Treats register risk(s): R-030, R-061. | F70: R-030, R-061 | G70: =COUNTIF('Risk-Control Links'!$D$2:$D$130,A70) -> 2 | H70: =_xlfn.MAXIFS('Risk-Control Links'!$E$2:$E$130,'Risk-Control Links'!$D$2:$D$130,A70) -> 15 | I70: =COUNTIFS('Risk-Control Links'!$D$2:$D$130,A70,'Risk-Control Links'!$F$2:$F$130,"Weak") -> 1 | J70: =IF(D70<>"Yes","Not applicable",IF(G70=0,"Not assessed",IF(I70>0,"Partially implemented","Largely in place - validate"))) -> Partially implemented | K70: =IF(D70<>"Yes","-",IF(G70=0,"Baseline - confirm",IF(H70>=12,"High",IF(I70>0,"Medium","Low")))) -> High | L70: Chief Information Security Officer | M70: R-061: Deploy immutable backups; extend EDR to 100%; run ransomware tabletop; agree IR and forensics retainer.
A71: A.8.8 | B71: 8 Technological | C71: Management of technical vulnerabilities | D71: Yes | E71: Treats register risk(s): R-031, R-032, R-033. | F71: R-031, R-032, R-033 | G71: =COUNTIF('Risk-Control Links'!$D$2:$D$130,A71) -> 3 | H71: =_xlfn.MAXIFS('Risk-Control Links'!$E$2:$E$130,'Risk-Control Links'!$D$2:$D$130,A71) -> 12 | I71: =COUNTIFS('Risk-Control Links'!$D$2:$D$130,A71,'Risk-Control Links'!$F$2:$F$130,"Weak") -> 2 | J71: =IF(D71<>"Yes","Not applicable",IF(G71=0,"Not assessed",IF(I71>0,"Partially implemented","Largely in place - validate"))) -> Partially implemented | K71: =IF(D71<>"Yes","-",IF(G71=0,"Baseline - confirm",IF(H71>=12,"High",IF(I71>0,"Medium","Low")))) -> High | L71: Head of IT Operations | M71: R-031: Introduce risk-based patch SLAs (critical within 7 days); weekly external scans.
A72: A.8.9 | B72: 8 Technological | C72: Configuration management | D72: Yes | E72: Treats register risk(s): R-031, R-036, R-047, R-054, R-056, R-070. | F72: R-031, R-036, R-047, R-054, R-056, R-070 | G72: =COUNTIF('Risk-Control Links'!$D$2:$D$130,A72) -> 6 | H72: =_xlfn.MAXIFS('Risk-Control Links'!$E$2:$E$130,'Risk-Control Links'!$D$2:$D$130,A72) -> 12 | I72: =COUNTIFS('Risk-Control Links'!$D$2:$D$130,A72,'Risk-Control Links'!$F$2:$F$130,"Weak") -> 3 | J72: =IF(D72<>"Yes","Not applicable",IF(G72=0,"Not assessed",IF(I72>0,"Partially implemented","Largely in place - validate"))) -> Partially implemented | K72: =IF(D72<>"Yes","-",IF(G72=0,"Baseline - confirm",IF(H72>=12,"High",IF(I72>0,"Medium","Low")))) -> High | L72: Head of Cloud Platform | M72: R-031: Introduce risk-based patch SLAs (critical within 7 days); weekly external scans.
A73: A.8.10 | B73: 8 Technological | C73: Information deletion | D73: Yes | E73: Treats register risk(s): R-042. | F73: R-042 | G73: =COUNTIF('Risk-Control Links'!$D$2:$D$130,A73) -> 1 | H73: =_xlfn.MAXIFS('Risk-Control Links'!$E$2:$E$130,'Risk-Control Links'!$D$2:$D$130,A73) -> 9 | I73: =COUNTIFS('Risk-Control Links'!$D$2:$D$130,A73,'Risk-Control Links'!$F$2:$F$130,"Weak") -> 1 | J73: =IF(D73<>"Yes","Not applicable",IF(G73=0,"Not assessed",IF(I73>0,"Partially implemented","Largely in place - validate"))) -> Partially implemented | K73: =IF(D73<>"Yes","-",IF(G73=0,"Baseline - confirm",IF(H73>=12,"High",IF(I73>0,"Medium","Low")))) -> Medium | L73: Head of Data Governance | M73: R-042: Roll out auto-labelling; enforce retention and deletion on file shares.
A74: A.8.11 | B74: 8 Technological | C74: Data masking | D74: Yes | E74: Baseline ISO 27001 control; no register risk mapped yet. Confirm applicability and evidence. | G74: =COUNTIF('Risk-Control Links'!$D$2:$D$130,A74) -> 0 | H74: =_xlfn.MAXIFS('Risk-Control Links'!$E$2:$E$130,'Risk-Control Links'!$D$2:$D$130,A74) -> 0 | I74: =COUNTIFS('Risk-Control Links'!$D$2:$D$130,A74,'Risk-Control Links'!$F$2:$F$130,"Weak") -> 0 | J74: =IF(D74<>"Yes","Not applicable",IF(G74=0,"Not assessed",IF(I74>0,"Partially implemented","Largely in place - validate"))) -> Not assessed | K74: =IF(D74<>"Yes","-",IF(G74=0,"Baseline - confirm",IF(H74>=12,"High",IF(I74>0,"Medium","Low")))) -> Baseline - confirm
A75: A.8.12 | B75: 8 Technological | C75: Data leakage prevention | D75: Yes | E75: Treats register risk(s): R-008, R-041, R-044, R-046. | F75: R-008, R-041, R-044, R-046 | G75: =COUNTIF('Risk-Control Links'!$D$2:$D$130,A75) -> 4 | H75: =_xlfn.MAXIFS('Risk-Control Links'!$E$2:$E$130,'Risk-Control Links'!$D$2:$D$130,A75) -> 9 | I75: =COUNTIFS('Risk-Control Links'!$D$2:$D$130,A75,'Risk-Control Links'!$F$2:$F$130,"Weak") -> 0 | J75: =IF(D75<>"Yes","Not applicable",IF(G75=0,"Not assessed",IF(I75>0,"Partially implemented","Largely in place - validate"))) -> Largely in place - validate | K75: =IF(D75<>"Yes","-",IF(G75=0,"Baseline - confirm",IF(H75>=12,"High",IF(I75>0,"Medium","Low")))) -> Low | L75: Chief Information Security Officer | M75: R-008: Deploy DLP rules for external AI services; publish AI tool register; mandatory AI-use training.
A76: A.8.13 | B76: 8 Technological | C76: Information backup | D76: Yes | E76: Treats register risk(s): R-045, R-061. | F76: R-045, R-061 | G76: =COUNTIF('Risk-Control Links'!$D$2:$D$130,A76) -> 2 | H76: =_xlfn.MAXIFS('Risk-Control Links'!$E$2:$E$130,'Risk-Control Links'!$D$2:$D$130,A76) -> 15 | I76: =COUNTIFS('Risk-Control Links'!$D$2:$D$130,A76,'Risk-Control Links'!$F$2:$F$130,"Weak") -> 2 | J76: =IF(D76<>"Yes","Not applicable",IF(G76=0,"Not assessed",IF(I76>0,"Partially implemented","Largely in place - validate"))) -> Partially implemented | K76: =IF(D76<>"Yes","-",IF(G76=0,"Baseline - confirm",IF(H76>=12,"High",IF(I76>0,"Medium","Low")))) -> High | L76: Head of IT Operations | M76: R-061: Deploy immutable backups; extend EDR to 100%; run ransomware tabletop; agree IR and forensics retainer.
A77: A.8.14 | B77: 8 Technological | C77: Redundancy of information processing facilities | D77: Yes | E77: Treats register risk(s): R-045, R-071. | F77: R-045, R-071 | G77: =COUNTIF('Risk-Control Links'!$D$2:$D$130,A77) -> 2 | H77: =_xlfn.MAXIFS('Risk-Control Links'!$E$2:$E$130,'Risk-Control Links'!$D$2:$D$130,A77) -> 12 | I77: =COUNTIFS('Risk-Control Links'!$D$2:$D$130,A77,'Risk-Control Links'!$F$2:$F$130,"Weak") -> 1 | J77: =IF(D77<>"Yes","Not applicable",IF(G77=0,"Not assessed",IF(I77>0,"Partially implemented","Largely in place - validate"))) -> Partially implemented | K77: =IF(D77<>"Yes","-",IF(G77=0,"Baseline - confirm",IF(H77>=12,"High",IF(I77>0,"Medium","Low")))) -> High | L77: Head of IT Operations | M77: R-045: Run quarterly restore tests of tier-1 systems; keep immutable copy in a separate account.
A78: A.8.15 | B78: 8 Technological | C78: Logging | D78: Yes | E78: Treats register risk(s): R-054, R-057, R-060. | F78: R-054, R-057, R-060 | G78: =COUNTIF('Risk-Control Links'!$D$2:$D$130,A78) -> 3 | H78: =_xlfn.MAXIFS('Risk-Control Links'!$E$2:$E$130,'Risk-Control Links'!$D$2:$D$130,A78) -> 9 | I78: =COUNTIFS('Risk-Control Links'!$D$2:$D$130,A78,'Risk-Control Links'!$F$2:$F$130,"Weak") -> 1 | J78: =IF(D78<>"Yes","Not applicable",IF(G78=0,"Not assessed",IF(I78>0,"Partially implemented","Largely in place - validate"))) -> Partially implemented | K78: =IF(D78<>"Yes","-",IF(G78=0,"Baseline - confirm",IF(H78>=12,"High",IF(I78>0,"Medium","Low")))) -> Medium | L78: Chief Information Security Officer | M78: R-057: Onboard cloud and SaaS logs; engage MDR provider for 24x7 coverage.
A79: A.8.16 | B79: 8 Technological | C79: Monitoring activities | D79: Yes | E79: Treats register risk(s): R-041, R-057, R-062, R-065. | F79: R-041, R-057, R-062, R-065 | G79: =COUNTIF('Risk-Control Links'!$D$2:$D$130,A79) -> 4 | H79: =_xlfn.MAXIFS('Risk-Control Links'!$E$2:$E$130,'Risk-Control Links'!$D$2:$D$130,A79) -> 9 | I79: =COUNTIFS('Risk-Control Links'!$D$2:$D$130,A79,'Risk-Control Links'!$F$2:$F$130,"Weak") -> 2 | J79: =IF(D79<>"Yes","Not applicable",IF(G79=0,"Not assessed",IF(I79>0,"Partially implemented","Largely in place - validate"))) -> Partially implemented | K79: =IF(D79<>"Yes","-",IF(G79=0,"Baseline - confirm",IF(H79>=12,"High",IF(I79>0,"Medium","Low")))) -> Medium | L79: Chief Information Security Officer | M79: R-057: Onboard cloud and SaaS logs; engage MDR provider for 24x7 coverage.
A80: A.8.17 | B80: 8 Technological | C80: Clock synchronization | D80: Yes | E80: Baseline ISO 27001 control; no register risk mapped yet. Confirm applicability and evidence. | G80: =COUNTIF('Risk-Control Links'!$D$2:$D$130,A80) -> 0 | H80: =_xlfn.MAXIFS('Risk-Control Links'!$E$2:$E$130,'Risk-Control Links'!$D$2:$D$130,A80) -> 0 | I80: =COUNTIFS('Risk-Control Links'!$D$2:$D$130,A80,'Risk-Control Links'!$F$2:$F$130,"Weak") -> 0 | J80: =IF(D80<>"Yes","Not applicable",IF(G80=0,"Not assessed",IF(I80>0,"Partially implemented","Largely in place - validate"))) -> Not assessed | K80: =IF(D80<>"Yes","-",IF(G80=0,"Baseline - confirm",IF(H80>=12,"High",IF(I80>0,"Medium","Low")))) -> Baseline - confirm
A81: A.8.18 | B81: 8 Technological | C81: Use of privileged utility programs | D81: Yes | E81: Baseline ISO 27001 control; no register risk mapped yet. Confirm applicability and evidence. | G81: =COUNTIF('Risk-Control Links'!$D$2:$D$130,A81) -> 0 | H81: =_xlfn.MAXIFS('Risk-Control Links'!$E$2:$E$130,'Risk-Control Links'!$D$2:$D$130,A81) -> 0 | I81: =COUNTIFS('Risk-Control Links'!$D$2:$D$130,A81,'Risk-Control Links'!$F$2:$F$130,"Weak") -> 0 | J81: =IF(D81<>"Yes","Not applicable",IF(G81=0,"Not assessed",IF(I81>0,"Partially implemented","Largely in place - validate"))) -> Not assessed | K81: =IF(D81<>"Yes","-",IF(G81=0,"Baseline - confirm",IF(H81>=12,"High",IF(I81>0,"Medium","Low")))) -> Baseline - confirm
A82: A.8.19 | B82: 8 Technological | C82: Installation of software on operational systems | D82: Yes | E82: Baseline ISO 27001 control; no register risk mapped yet. Confirm applicability and evidence. | G82: =COUNTIF('Risk-Control Links'!$D$2:$D$130,A82) -> 0 | H82: =_xlfn.MAXIFS('Risk-Control Links'!$E$2:$E$130,'Risk-Control Links'!$D$2:$D$130,A82) -> 0 | I82: =COUNTIFS('Risk-Control Links'!$D$2:$D$130,A82,'Risk-Control Links'!$F$2:$F$130,"Weak") -> 0 | J82: =IF(D82<>"Yes","Not applicable",IF(G82=0,"Not assessed",IF(I82>0,"Partially implemented","Largely in place - validate"))) -> Not assessed | K82: =IF(D82<>"Yes","-",IF(G82=0,"Baseline - confirm",IF(H82>=12,"High",IF(I82>0,"Medium","Low")))) -> Baseline - confirm
A83: A.8.20 | B83: 8 Technological | C83: Networks security | D83: Yes | E83: Treats register risk(s): R-028, R-032, R-034, R-035, R-036, R-037, R-038, R-051, R-068. | F83: R-028, R-032, R-034, R-035, R-036, R-037, R-038, R-051, R-068 | G83: =COUNTIF('Risk-Control Links'!$D$2:$D$130,A83) -> 9 | H83: =_xlfn.MAXIFS('Risk-Control Links'!$E$2:$E$130,'Risk-Control Links'!$D$2:$D$130,A83) -> 12 | I83: =COUNTIFS('Risk-Control Links'!$D$2:$D$130,A83,'Risk-Control Links'!$F$2:$F$130,"Weak") -> 2 | J83: =IF(D83<>"Yes","Not applicable",IF(G83=0,"Not assessed",IF(I83>0,"Partially implemented","Largely in place - validate"))) -> Partially implemented | K83: =IF(D83<>"Yes","-",IF(G83=0,"Baseline - confirm",IF(H83>=12,"High",IF(I83>0,"Medium","Low")))) -> High | L83: Head of Network Engineering | M83: R-032: Adopt zero-trust access to replace legacy VPN; add edge device integrity monitoring.
A84: A.8.21 | B84: 8 Technological | C84: Security of network services | D84: Yes | E84: Treats register risk(s): R-032, R-038. | F84: R-032, R-038 | G84: =COUNTIF('Risk-Control Links'!$D$2:$D$130,A84) -> 2 | H84: =_xlfn.MAXIFS('Risk-Control Links'!$E$2:$E$130,'Risk-Control Links'!$D$2:$D$130,A84) -> 12 | I84: =COUNTIFS('Risk-Control Links'!$D$2:$D$130,A84,'Risk-Control Links'!$F$2:$F$130,"Weak") -> 0 | J84: =IF(D84<>"Yes","Not applicable",IF(G84=0,"Not assessed",IF(I84>0,"Partially implemented","Largely in place - validate"))) -> Largely in place - validate | K84: =IF(D84<>"Yes","-",IF(G84=0,"Baseline - confirm",IF(H84>=12,"High",IF(I84>0,"Medium","Low")))) -> High | L84: Chief Information Security Officer | M84: R-032: Adopt zero-trust access to replace legacy VPN; add edge device integrity monitoring.
A85: A.8.22 | B85: 8 Technological | C85: Segregation of networks | D85: Yes | E85: Treats register risk(s): R-012, R-034. | F85: R-012, R-034 | G85: =COUNTIF('Risk-Control Links'!$D$2:$D$130,A85) -> 2 | H85: =_xlfn.MAXIFS('Risk-Control Links'!$E$2:$E$130,'Risk-Control Links'!$D$2:$D$130,A85) -> 12 | I85: =COUNTIFS('Risk-Control Links'!$D$2:$D$130,A85,'Risk-Control Links'!$F$2:$F$130,"Weak") -> 1 | J85: =IF(D85<>"Yes","Not applicable",IF(G85=0,"Not assessed",IF(I85>0,"Partially implemented","Largely in place - validate"))) -> Partially implemented | K85: =IF(D85<>"Yes","-",IF(G85=0,"Baseline - confirm",IF(H85>=12,"High",IF(I85>0,"Medium","Low")))) -> High | L85: Chief Information Security Officer | M85: R-012: Segment remaining 5 plants; build OT asset inventory with passive monitoring; run manual-mode production drills.
A86: A.8.23 | B86: 8 Technological | C86: Web filtering | D86: Yes | E86: Baseline ISO 27001 control; no register risk mapped yet. Confirm applicability and evidence. | G86: =COUNTIF('Risk-Control Links'!$D$2:$D$130,A86) -> 0 | H86: =_xlfn.MAXIFS('Risk-Control Links'!$E$2:$E$130,'Risk-Control Links'!$D$2:$D$130,A86) -> 0 | I86: =COUNTIFS('Risk-Control Links'!$D$2:$D$130,A86,'Risk-Control Links'!$F$2:$F$130,"Weak") -> 0 | J86: =IF(D86<>"Yes","Not applicable",IF(G86=0,"Not assessed",IF(I86>0,"Partially implemented","Largely in place - validate"))) -> Not assessed | K86: =IF(D86<>"Yes","-",IF(G86=0,"Baseline - confirm",IF(H86>=12,"High",IF(I86>0,"Medium","Low")))) -> Baseline - confirm
A87: A.8.24 | B87: 8 Technological | C87: Use of cryptography | D87: Yes | E87: Treats register risk(s): R-039, R-040, R-050. | F87: R-039, R-040, R-050 | G87: =COUNTIF('Risk-Control Links'!$D$2:$D$130,A87) -> 3 | H87: =_xlfn.MAXIFS('Risk-Control Links'!$E$2:$E$130,'Risk-Control Links'!$D$2:$D$130,A87) -> 9 | I87: =COUNTIFS('Risk-Control Links'!$D$2:$D$130,A87,'Risk-Control Links'!$F$2:$F$130,"Weak") -> 1 | J87: =IF(D87<>"Yes","Not applicable",IF(G87=0,"Not assessed",IF(I87>0,"Partially implemented","Largely in place - validate"))) -> Partially implemented | K87: =IF(D87<>"Yes","-",IF(G87=0,"Baseline - confirm",IF(H87>=12,"High",IF(I87>0,"Medium","Low")))) -> Medium | L87: Data Protection Officer | M87: R-050: Enforce secret scanning org-wide; rotate all exposed keys; purge history.
A88: A.8.25 | B88: 8 Technological | C88: Secure development life cycle | D88: Yes | E88: Treats register risk(s): R-048, R-049. | F88: R-048, R-049 | G88: =COUNTIF('Risk-Control Links'!$D$2:$D$130,A88) -> 2 | H88: =_xlfn.MAXIFS('Risk-Control Links'!$E$2:$E$130,'Risk-Control Links'!$D$2:$D$130,A88) -> 12 | I88: =COUNTIFS('Risk-Control Links'!$D$2:$D$130,A88,'Risk-Control Links'!$F$2:$F$130,"Weak") -> 1 | J88: =IF(D88<>"Yes","Not applicable",IF(G88=0,"Not assessed",IF(I88>0,"Partially implemented","Largely in place - validate"))) -> Partially implemented | K88: =IF(D88<>"Yes","-",IF(G88=0,"Baseline - confirm",IF(H88>=12,"High",IF(I88>0,"Medium","Low")))) -> High | L88: Head of Engineering | M88: R-049: Generate SBOMs; enforce signed builds; block packages with critical CVEs.
A89: A.8.26 | B89: 8 Technological | C89: Application security requirements | D89: Yes | E89: Treats register risk(s): R-051. | F89: R-051 | G89: =COUNTIF('Risk-Control Links'!$D$2:$D$130,A89) -> 1 | H89: =_xlfn.MAXIFS('Risk-Control Links'!$E$2:$E$130,'Risk-Control Links'!$D$2:$D$130,A89) -> 6 | I89: =COUNTIFS('Risk-Control Links'!$D$2:$D$130,A89,'Risk-Control Links'!$F$2:$F$130,"Weak") -> 0 | J89: =IF(D89<>"Yes","Not applicable",IF(G89=0,"Not assessed",IF(I89>0,"Partially implemented","Largely in place - validate"))) -> Largely in place - validate | K89: =IF(D89<>"Yes","-",IF(G89=0,"Baseline - confirm",IF(H89>=12,"High",IF(I89>0,"Medium","Low")))) -> Low | L89: Chief Digital Officer | M89: R-051: Inventory shadow APIs; add schema validation and object-level authorisation tests.
A90: A.8.27 | B90: 8 Technological | C90: Secure system architecture and engineering principles | D90: Yes | E90: Treats register risk(s): R-056. | F90: R-056 | G90: =COUNTIF('Risk-Control Links'!$D$2:$D$130,A90) -> 1 | H90: =_xlfn.MAXIFS('Risk-Control Links'!$E$2:$E$130,'Risk-Control Links'!$D$2:$D$130,A90) -> 6 | I90: =COUNTIFS('Risk-Control Links'!$D$2:$D$130,A90,'Risk-Control Links'!$F$2:$F$130,"Weak") -> 0 | J90: =IF(D90<>"Yes","Not applicable",IF(G90=0,"Not assessed",IF(I90>0,"Partially implemented","Largely in place - validate"))) -> Largely in place - validate | K90: =IF(D90<>"Yes","-",IF(G90=0,"Baseline - confirm",IF(H90>=12,"High",IF(I90>0,"Medium","Low")))) -> Low | L90: Head of Cloud Platform | M90: R-056: Enforce admission control policies; add runtime threat detection.
A91: A.8.28 | B91: 8 Technological | C91: Secure coding | D91: Yes | E91: Treats register risk(s): R-048. | F91: R-048 | G91: =COUNTIF('Risk-Control Links'!$D$2:$D$130,A91) -> 1 | H91: =_xlfn.MAXIFS('Risk-Control Links'!$E$2:$E$130,'Risk-Control Links'!$D$2:$D$130,A91) -> 6 | I91: =COUNTIFS('Risk-Control Links'!$D$2:$D$130,A91,'Risk-Control Links'!$F$2:$F$130,"Weak") -> 0 | J91: =IF(D91<>"Yes","Not applicable",IF(G91=0,"Not assessed",IF(I91>0,"Partially implemented","Largely in place - validate"))) -> Largely in place - validate | K91: =IF(D91<>"Yes","-",IF(G91=0,"Baseline - confirm",IF(H91>=12,"High",IF(I91>0,"Medium","Low")))) -> Low | L91: Head of Engineering | M91: R-048: Add DAST to staging; secure coding training for all developers.
A92: A.8.29 | B92: 8 Technological | C92: Security testing in development and acceptance | D92: Yes | E92: Treats register risk(s): R-048. | F92: R-048 | G92: =COUNTIF('Risk-Control Links'!$D$2:$D$130,A92) -> 1 | H92: =_xlfn.MAXIFS('Risk-Control Links'!$E$2:$E$130,'Risk-Control Links'!$D$2:$D$130,A92) -> 6 | I92: =COUNTIFS('Risk-Control Links'!$D$2:$D$130,A92,'Risk-Control Links'!$F$2:$F$130,"Weak") -> 0 | J92: =IF(D92<>"Yes","Not applicable",IF(G92=0,"Not assessed",IF(I92>0,"Partially implemented","Largely in place - validate"))) -> Largely in place - validate | K92: =IF(D92<>"Yes","-",IF(G92=0,"Baseline - confirm",IF(H92>=12,"High",IF(I92>0,"Medium","Low")))) -> Low | L92: Head of Engineering | M92: R-048: Add DAST to staging; secure coding training for all developers.
A93: A.8.30 | B93: 8 Technological | C93: Outsourced development | D93: Yes | E93: Treats register risk(s): R-049. | F93: R-049 | G93: =COUNTIF('Risk-Control Links'!$D$2:$D$130,A93) -> 1 | H93: =_xlfn.MAXIFS('Risk-Control Links'!$E$2:$E$130,'Risk-Control Links'!$D$2:$D$130,A93) -> 12 | I93: =COUNTIFS('Risk-Control Links'!$D$2:$D$130,A93,'Risk-Control Links'!$F$2:$F$130,"Weak") -> 1 | J93: =IF(D93<>"Yes","Not applicable",IF(G93=0,"Not assessed",IF(I93>0,"Partially implemented","Largely in place - validate"))) -> Partially implemented | K93: =IF(D93<>"Yes","-",IF(G93=0,"Baseline - confirm",IF(H93>=12,"High",IF(I93>0,"Medium","Low")))) -> High | L93: Head of Engineering | M93: R-049: Generate SBOMs; enforce signed builds; block packages with critical CVEs.
A94: A.8.31 | B94: 8 Technological | C94: Separation of development, test and production environments | D94: Yes | E94: Treats register risk(s): R-055. | F94: R-055 | G94: =COUNTIF('Risk-Control Links'!$D$2:$D$130,A94) -> 1 | H94: =_xlfn.MAXIFS('Risk-Control Links'!$E$2:$E$130,'Risk-Control Links'!$D$2:$D$130,A94) -> 2 | I94: =COUNTIFS('Risk-Control Links'!$D$2:$D$130,A94,'Risk-Control Links'!$F$2:$F$130,"Weak") -> 0 | J94: =IF(D94<>"Yes","Not applicable",IF(G94=0,"Not assessed",IF(I94>0,"Partially implemented","Largely in place - validate"))) -> Largely in place - validate | K94: =IF(D94<>"Yes","-",IF(G94=0,"Baseline - confirm",IF(H94>=12,"High",IF(I94>0,"Medium","Low")))) -> Low | L94: Chief Information Officer | M94: R-055: Completed: monitor change failure rate.
A95: A.8.32 | B95: 8 Technological | C95: Change management | D95: Yes | E95: Treats register risk(s): R-036, R-055. | F95: R-036, R-055 | G95: =COUNTIF('Risk-Control Links'!$D$2:$D$130,A95) -> 2 | H95: =_xlfn.MAXIFS('Risk-Control Links'!$E$2:$E$130,'Risk-Control Links'!$D$2:$D$130,A95) -> 6 | I95: =COUNTIFS('Risk-Control Links'!$D$2:$D$130,A95,'Risk-Control Links'!$F$2:$F$130,"Weak") -> 1 | J95: =IF(D95<>"Yes","Not applicable",IF(G95=0,"Not assessed",IF(I95>0,"Partially implemented","Largely in place - validate"))) -> Partially implemented | K95: =IF(D95<>"Yes","-",IF(G95=0,"Baseline - confirm",IF(H95>=12,"High",IF(I95>0,"Medium","Low")))) -> Medium | L95: Head of Network Engineering | M95: R-036: Run automated rule-base clean-up; set 6-monthly recertification.
A96: A.8.33 | B96: 8 Technological | C96: Test information | D96: Yes | E96: Baseline ISO 27001 control; no register risk mapped yet. Confirm applicability and evidence. | G96: =COUNTIF('Risk-Control Links'!$D$2:$D$130,A96) -> 0 | H96: =_xlfn.MAXIFS('Risk-Control Links'!$E$2:$E$130,'Risk-Control Links'!$D$2:$D$130,A96) -> 0 | I96: =COUNTIFS('Risk-Control Links'!$D$2:$D$130,A96,'Risk-Control Links'!$F$2:$F$130,"Weak") -> 0 | J96: =IF(D96<>"Yes","Not applicable",IF(G96=0,"Not assessed",IF(I96>0,"Partially implemented","Largely in place - validate"))) -> Not assessed | K96: =IF(D96<>"Yes","-",IF(G96=0,"Baseline - confirm",IF(H96>=12,"High",IF(I96>0,"Medium","Low")))) -> Baseline - confirm
A97: A.8.34 | B97: 8 Technological | C97: Protection of information systems during audit testing | D97: Yes | E97: Baseline ISO 27001 control; no register risk mapped yet. Confirm applicability and evidence. | G97: =COUNTIF('Risk-Control Links'!$D$2:$D$130,A97) -> 0 | H97: =_xlfn.MAXIFS('Risk-Control Links'!$E$2:$E$130,'Risk-Control Links'!$D$2:$D$130,A97) -> 0 | I97: =COUNTIFS('Risk-Control Links'!$D$2:$D$130,A97,'Risk-Control Links'!$F$2:$F$130,"Weak") -> 0 | J97: =IF(D97<>"Yes","Not applicable",IF(G97=0,"Not assessed",IF(I97>0,"Partially implemented","Largely in place - validate"))) -> Not assessed | K97: =IF(D97<>"Yes","-",IF(G97=0,"Baseline - confirm",IF(H97>=12,"High",IF(I97>0,"Medium","Low")))) -> Baseline - confirm

Sheet Risk-Control Links
A1: Risk ID | B1: Risk title | C1: Category | D1: Annex A control | E1: Residual score | F1: Control effectiveness | G1: Within appetite? | H1: Treatment plan (from register) | I1: Risk owner
A2: R-008 | B2: Confidential data leakage through generative AI tools | C2: Technology & AI | D2: A.8.12 | E2: 9 | F2: Adequate | G2: Yes | H2: Deploy DLP rules for external AI services; publish AI tool register; mandatory AI-use training. | I2: Chief Information Security Officer
A3: R-011 | B3: Deepfake-enabled payment fraud and executive impersonation | C3: Cyber: Identity & Access | D3: A.5.3 | E3: 6 | F3: Adequate | G3: Yes | H3: Introduce out-of-band codeword verification for executive payment requests; run deepfake awareness drills. | I3: Chief Financial Officer
A4: R-011 | B4: Deepfake-enabled payment fraud and executive impersonation | C4: Cyber: Identity & Access | D4: A.6.3 | E4: 6 | F4: Adequate | G4: Yes | H4: Introduce out-of-band codeword verification for executive payment requests; run deepfake awareness drills. | I4: Chief Financial Officer
A5: R-012 | B5: Ransomware targeting plant operational technology (OT) | C5: Cyber: OT & Third-Party | D5: A.8.22 | E5: 12 | F5: Weak | G5: No | H5: Segment remaining 5 plants; build OT asset inventory with passive monitoring; run manual-mode production drills. | I5: Chief Information Security Officer
A6: R-013 | B6: Phishing and credential theft targeting remote workers | C6: Cyber: Identity & Access | D6: A.6.3 | E6: 9 | F6: Adequate | G6: Yes | H6: Roll out phishing-resistant MFA for finance, HR and admins; gate access on device compliance. | I6: Chief Information Security Officer
A7: R-013 | B7: Phishing and credential theft targeting remote workers | C7: Cyber: Identity & Access | D7: A.6.7 | E7: 9 | F7: Adequate | G7: Yes | H7: Roll out phishing-resistant MFA for finance, HR and admins; gate access on device compliance. | I7: Chief Information Security Officer
A8: R-013 | B8: Phishing and credential theft targeting remote workers | C8: Cyber: Identity & Access | D8: A.8.5 | E8: 9 | F8: Adequate | G8: Yes | H8: Roll out phishing-resistant MFA for finance, HR and admins; gate access on device compliance. | I8: Chief Information Security Officer
A9: R-014 | B9: Hybrid work weakens security and compliance controls | C9: Workforce & Operating Model | D9: A.6.7 | E9: 6 | F9: Adequate | G9: Yes | H9: Move to zero-trust network access; restrict BYOD to virtual desktop; refresh remote working policy. | I9: Chief Information Officer
A10: R-014 | B10: Hybrid work weakens security and compliance controls | C10: Workforce & Operating Model | D10: A.7.9 | E10: 6 | F10: Adequate | G10: Yes | H10: Move to zero-trust network access; restrict BYOD to virtual desktop; refresh remote working policy. | I10: Chief Information Officer
A11: R-014 | B11: Hybrid work weakens security and compliance controls | C11: Workforce & Operating Model | D11: A.8.1 | E11: 6 | F11: Adequate | G11: Yes | H11: Move to zero-trust network access; restrict BYOD to virtual desktop; refresh remote working policy. | I11: Chief Information Officer
A12: R-023 | B12: Compromise of privileged and domain admin accounts | C12: Cyber: Identity & Access | D12: A.5.18 | E12: 8 | F12: Adequate | G12: Yes | H12: Complete tiered admin model; enforce just-in-time admin access; rotate break-glass credentials. | I12: Chief Information Security Officer
A13: R-023 | B13: Compromise of privileged and domain admin accounts | C13: Cyber: Identity & Access | D13: A.8.2 | E13: 8 | F13: Adequate | G13: Yes | H13: Complete tiered admin model; enforce just-in-time admin access; rotate break-glass credentials. | I13: Chief Information Security Officer
... A130: R-074 | B130: Fourth-party cyber exposure through supplier subcontractors | C130: Cyber: OT & Third-Party | D130: A.5.21 | E130: 6 | F130: Weak | G130: Yes | H130: Require subcontractor lists and flow-down security clauses for critical vendors. | I130: Chief Procurement Officer
